"用例编号","所属产品","所属模块","相关研发需求","用例标题","前置条件","步骤","预期","实际情况","关键词","优先级","用例类型","适用阶段","用例状态","B","R","S","结果","由谁创建","创建日期","最后修改者","修改日期","用例版本","相关用例","附件"
"8607","极光PDF阅读器(#20)","/核心用例(#353)","","【选取文字右键菜单】转换为可编辑文档","1.打开PDF阅读器界面
2.打开文件选取一段文字
3.右键点击选取文字区域，点击所有右键菜单","1. 点击转换为可编辑文档","1. 点击转换菜单调起转换器成功","1.","","1","功能测试","功能测试阶段","已实现自动化","0","0","1","","王少勃","2022-10-21","王少勃","2022-10-21","1","","",""
"8606","极光PDF阅读器(#20)","/核心用例(#353)","","【选取文字右键菜单】复制-添加书签","1.打开PDF阅读器界面
2.打开文件选取一段文字
3.右键点击选取文字区域，点击所有右键菜单","1. 点击复制
2. 右键点击添加书签","1. 复制内容成功
2. 添加书签正常，打开书签侧边栏","1. 
2.","","1","功能测试","功能测试阶段","已实现自动化","0","0","2","","王少勃","2022-10-21","王少勃","2022-10-21","1","","",""
"8605","极光PDF阅读器(#20)","/核心用例(#353)","","【选取文字右键菜单】标注右键菜单删除线并标注","1.打开PDF阅读器界面
2.打开文件选取一段文字
3.右键点击选取文字区域，点击所有右键菜单","1. 点击删除线并标注
2. 选择标注内容，按下delete删除","1. 删除线并标注成功
2. 删除正常","1. 
2.","","1","功能测试","功能测试阶段","已实现自动化","0","0","2","","王少勃","2022-10-21","王少勃","2022-10-21","1","","",""
"8604","极光PDF阅读器(#20)","/核心用例(#353)","","【选取文字右键菜单】标注右键菜单波浪线并标注","1.打开PDF阅读器界面
2.打开文件选取一段文字
3.右键点击选取文字区域，点击所有右键菜单","1. 点击波浪线并标注
2. 选择标注内容，按下delete删除","1. 波浪线并标注成功
2. 删除正常","1. 
2.","","1","功能测试","功能测试阶段","已实现自动化","0","0","2","","王少勃","2022-10-21","王少勃","2022-10-21","1","","",""
"8603","极光PDF阅读器(#20)","/核心用例(#353)","","【选取文字右键菜单】标注右键菜单下划线并标注","1.打开PDF阅读器界面
2.打开文件选取一段文字
3.右键点击选取文字区域，点击所有右键菜单","1. 点击下划线并标注
2. 选择标注内容，按下delete删除","1. 下划线并标注成功
2. 删除正常","1. 
2.","","1","功能测试","功能测试阶段","已实现自动化","0","0","2","","王少勃","2022-10-21","王少勃","2022-10-21","1","","",""
"8602","极光PDF阅读器(#20)","/核心用例(#353)","","【选取文字右键菜单】标注右键菜单下划线并标注","1.打开PDF阅读器界面
2.打开文件选取一段文字
3.右键点击选取文字区域，点击所有右键菜单","1. 点击下划线并标注
2. 选择标注内容，按下delete删除","1. 下划线并标注成功
2. 删除正常","1. 
2.","","1","功能测试","功能测试阶段","已实现自动化","0","0","2","","王少勃","2022-10-21","王少勃","2022-10-21","1","","",""
"8601","极光PDF阅读器(#20)","/核心用例(#353)","","【选取文字右键菜单】标注右键菜单高亮并标注","1.打开PDF阅读器界面
2.打开文件选取一段文字
3.右键点击选取文字区域，点击所有右键菜单","1. 点击高亮并标注
2. 选择标注内容，按下delete删除","1. 高亮并标注成功
2. 删除正常","1. 
2.","","1","功能测试","功能测试阶段","已实现自动化","0","0","2","","王少勃","2022-10-21","王少勃","2022-10-21","1","","",""
"8600","极光PDF阅读器(#20)","/核心用例(#353)","","【选取文字右键菜单】标注右键菜单高亮并标注","1.打开PDF阅读器界面
2.打开文件选取一段文字
3.右键点击选取文字区域，点击所有右键菜单","1. 点击高亮并标注
2. 选择标注内容，按下delete删除","1. 高亮并标注成功
2. 删除正常","1. 
2.","","1","功能测试","功能测试阶段","已实现自动化","0","0","2","","王少勃","2022-10-21","王少勃","2022-10-21","1","","",""
"8599","极光PDF阅读器(#20)","/核心用例(#353)","","【选取文字右键菜单】编辑内容","1.打开PDF阅读器界面
2.打开文件选取一段文字
3.右键点击选取文字区域，点击所有右键菜单","1. 点击右键菜单编辑模式","1. 进入编辑模式成功，调起右侧文字属性栏","1.","","1","功能测试","功能测试阶段","已实现自动化","0","0","1","","王少勃","2022-10-21","王少勃","2022-10-21","1","","",""
"8589","极光PDF阅读器(#20)","/核心用例(#353)","","【转换栏】PDF转换栏调起转为纯图","已打开PDF，进入转换栏","1. 点击PDF转纯图入口
2. 填写名称后点击保存","1. 调起保存窗口引导填写文件名路径进行保存
2. 保存成功并打开转换后的文档，文档命名以扫描件.pdf结尾","1. 
2.","","2","功能测试","功能测试阶段","已实现自动化","0","0","2","","王少勃","2022-10-21","王少勃","2022-10-21","1","","",""
"8588","极光PDF阅读器(#20)","/核心用例(#353)","","【转换栏】PDF压缩调起转换器","已打开PDF，进入转换栏","1. 点击PDF压缩入口","1. 打开PDF转换器并定位打开PDF压缩界面","1.","","2","功能测试","功能测试阶段","已实现自动化","0","0","1","","王少勃","2022-10-21","王少勃","2022-10-21","1","","",""
"8587","极光PDF阅读器(#20)","/核心用例(#353)","","【转换栏】PDF拆分调起转换器","已打开PDF，进入转换栏","1. 点击PDF拆分入口","1. 打开PDF转换器并定位打开PDF拆分界面","1.","","2","功能测试","功能测试阶段","已实现自动化","0","0","1","","王少勃","2022-10-21","王少勃","2022-10-21","1","","",""
"8586","极光PDF阅读器(#20)","/核心用例(#353)","","【转换栏】合并拆分调起转换器","已打开PDF，进入转换栏","1. 点击合并拆分入口","1. 打开PDF转换器并定位打开合并拆分界面","1.","","2","功能测试","功能测试阶段","已实现自动化","0","0","1","","王少勃","2022-10-21","王少勃","2022-10-21","1","","",""
"8585","极光PDF阅读器(#20)","/核心用例(#353)","","【转换栏】扫描件转word调起转换器","已打开PDF，进入转换栏","1. 点击扫描件转word入口","1. 打开PDF转换器并定位打开扫描件转word界面","1.","","2","功能测试","功能测试阶段","已实现自动化","0","0","1","","王少勃","2022-10-21","王少勃","2022-10-21","1","","",""
"8584","极光PDF阅读器(#20)","/核心用例(#353)","","【转换栏】转换栏调起图片转文字","已打开PDF，进入转换栏","1. 点击图片转文字入口","1. 打开PDF图片转文字界面","1.","","2","功能测试","功能测试阶段","已实现自动化","0","0","1","","王少勃","2022-10-21","王少勃","2022-10-21","1","","",""
"8583","极光PDF阅读器(#20)","/核心用例(#353)","","【转换栏】PDF转CAD调起转换器","已打开PDF，进入转换栏","1. 点击PDF转CAD入口","1. 打开PDF转换器并定位打开PDF转CAD界面","1.","","2","功能测试","功能测试阶段","已实现自动化","0","0","1","","王少勃","2022-10-21","王少勃","2022-10-21","1","","",""
"8582","极光PDF阅读器(#20)","/核心用例(#353)","","【转换栏】PPT转PDF调起转换器","已打开PDF，进入转换栏","1. 点击PPT转PDF入口","1. 打开PDF转换器并定位打开PPT转PDF界面","1.","","2","功能测试","功能测试阶段","已实现自动化","0","0","1","","王少勃","2022-10-21","王少勃","2022-10-21","1","","",""
"8581","极光PDF阅读器(#20)","/核心用例(#353)","","【转换栏】Excel转PDF调起转换器","已打开PDF，进入转换栏","1. 点击Excel转PDF入口","1. 打开PDF转换器并定位打开Excel转PDF界面","1.","","2","功能测试","功能测试阶段","已实现自动化","0","0","1","","王少勃","2022-10-21","王少勃","2022-10-21","1","","",""
"8580","极光PDF阅读器(#20)","/核心用例(#353)","","【转换栏】word转PDF调起转换器","已打开PDF，进入转换栏","1. 点击word转PDF入口","1. 打开PDF转换器并定位打开word转PDF界面","1.","","2","功能测试","功能测试阶段","已实现自动化","0","0","1","","王少勃","2022-10-21","王少勃","2022-10-21","1","","",""
"8579","极光PDF阅读器(#20)","/核心用例(#353)","","【转换栏】图片转PDF调起转换器","已打开PDF，进入转换栏","1. 点击图片转PDF入口","1. 打开PDF转换器并定位打开图片转PDF界面","1.","","2","功能测试","功能测试阶段","已实现自动化","0","0","1","","王少勃","2022-10-21","王少勃","2022-10-21","1","","",""
"8578","极光PDF阅读器(#20)","/核心用例(#353)","","【转换栏】PDF转图片调起转换器","已打开PDF，进入转换栏","1. 点击PDF转图片入口","1. 打开PDF转换器并定位打开PDF转图片界面","1.","","2","功能测试","功能测试阶段","已实现自动化","0","0","1","","王少勃","2022-10-21","王少勃","2022-10-21","1","","",""
"8577","极光PDF阅读器(#20)","/核心用例(#353)","","【转换栏】PDF转TXT调起转换器","已打开PDF，进入转换栏","1. 点击PDF转TXT入口","1. 打开PDF转换器并定位打开PDF转TXT界面","1.","","2","功能测试","功能测试阶段","已实现自动化","0","0","1","","王少勃","2022-10-21","王少勃","2022-10-21","1","","",""
"8576","极光PDF阅读器(#20)","/核心用例(#353)","","【转换栏】PDF转PPT调起转换器","已打开PDF，进入转换栏","1. 点击PDF转Excel入口","1. 打开PDF转换器并定位打开PDF转Excel界面","1.","","2","功能测试","功能测试阶段","已实现自动化","0","0","1","","王少勃","2022-10-21","王少勃","2022-10-21","1","","",""
"8575","极光PDF阅读器(#20)","/核心用例(#353)","","【转换栏】PDF转Excel调起转换器","已打开PDF，进入转换栏","1. 点击PDF转Excel入口","1. 打开PDF转换器并定位打开PDF转Excel界面","1.","","2","功能测试","功能测试阶段","已实现自动化","0","0","1","","王少勃","2022-10-21","王少勃","2022-10-21","1","","",""
"8574","极光PDF阅读器(#20)","/核心用例(#353)","","【转换栏】PDF转word调起转换器","已打开PDF，进入转换栏","1. 点击PDF转word入口","1. 打开PDF转换器并定位打开PDF转word界面","1.","","2","功能测试","功能测试阶段","已实现自动化","0","0","1","","王少勃","2022-10-21","王少勃","2022-10-21","1","","",""
"8557","极光PDF阅读器(#20)","/核心用例(#353)","","【书签】【右键菜单】设置跳转位置","","1. 1 打开一个文件
2 打开书签侧边栏
3 选中任一书签右键点击
4 点击右键菜单中的重命名书签","1. 1 书签跳转位置更改为当前页面","1.","","","功能测试","","已实现自动化","0","0","1","","梁智波","2021-08-17","王少勃","2022-10-21","1","","",""
"8556","极光PDF阅读器(#20)","/核心用例(#353)","","【书签】【右键菜单】重命名书签","","1. 1 打开一个文件
2 打开书签侧边栏
3 选中任一书签右键点击
4 点击右键菜单中的重命名书签
5 在输入框内输入任意内容","1. 书签名被更改","1.","","","功能测试","","已实现自动化","0","0","1","","梁智波","2021-08-17","王少勃","2022-10-21","1","","",""
"8555","极光PDF阅读器(#20)","/核心用例(#353)","","【书签】【右键菜单】删除书签","","1. 1 打开一个文件
2 打开书签侧边栏
3 选中任一书签右键点击
4 点击右键菜单中的删除书签","1. 当前选中书签被删除","1.","","","功能测试","","已实现自动化","0","0","1","","梁智波","2021-08-17","王少勃","2022-10-21","1","","",""
"8554","极光PDF阅读器(#20)","/核心用例(#353)","","【书签】【右键菜单】插入书签","","1. 1 打开一个文件
2 打开书签侧边栏
3 选中任一书签右键点击
4 点击右键菜单中的插入书签","1. 在选中书签层级中插入一个新的书签","1.","","","功能测试","","已实现自动化","0","0","1","","梁智波","2021-08-17","王少勃","2022-10-21","1","","",""
"8553","极光PDF阅读器(#20)","/核心用例(#353)","","【书签】重命名书签","","1. 1 打开一个文件
2 打开书签侧边栏
3 双击某一书签
4 在输入框内输入任意信息","1. 书签名被更改","1.","","","功能测试","","已实现自动化","0","0","1","","梁智波","2021-08-17","王少勃","2022-10-21","1","","",""
"8552","极光PDF阅读器(#20)","/核心用例(#353)","","【书签】拖拽书签","","1. 1 打开一个文件
2 打开书签侧边栏
3 选中任一书签拖拽改变位置","1. 书签位置、层级跟随拖拽改变","1.","","","功能测试","","已实现自动化","0","0","1","","梁智波","2021-08-17","王少勃","2022-10-21","1","","",""
"8551","极光PDF阅读器(#20)","/核心用例(#353)","","【书签】收起所有书签","","1. 1 打开一个文件
2 打开书签侧边栏
3 书签列表内存在多级书签层级，且任一或全部层级处于展开状态
4 点击收起所有书签","1. 当前书签列表内所有书签被收起","1.","","","功能测试","","已实现自动化","0","0","1","","梁智波","2021-08-17","王少勃","2022-10-21","1","","",""
"8550","极光PDF阅读器(#20)","/核心用例(#353)","","【书签】展开所有书签","","1. 1 打开一个文件
2 打开书签侧边栏
3 书签列表内存在多级书签层级，且任一或全部层级处于收起状态
4 点击展开所有书签","1. 当前所有书签多级层级被展开","1.","","","功能测试","","已实现自动化","0","0","1","","梁智波","2021-08-17","王少勃","2022-10-21","1","","",""
"8549","极光PDF阅读器(#20)","/核心用例(#353)","","【书签】删除选中书签","","1. 1 打开一个文件
2 打开书签侧边栏
3 选中一个书签点击删除选中书签按钮","1. 当前选中书签被删除","1.","","","功能测试","","已实现自动化","0","0","1","","梁智波","2021-08-17","王少勃","2022-10-21","1","","",""
"8548","极光PDF阅读器(#20)","/核心用例(#353)","","【书签】创建新书签","","1. 1 打开一个文件
2 打开书签侧边栏
3 点击创建新书签按钮","1. 1 书签列表内创建了一个新书签，新书签跳转位置为当前页面","1.","","","功能测试","","已实现自动化","0","0","1","","梁智波","2021-08-17","王少勃","2022-10-21","1","","",""
"8547","极光PDF阅读器(#20)","/核心用例(#353)","","【书签】支持读取文档书签","","1. 打开一个带书签文件
2. 点击任一书签","1. 打开书签侧边栏展示文件原有书签
2. 页面跳转到书签记录的位置上","1. 
2.","","","功能测试","","已实现自动化","0","0","2","","梁智波","2021-08-17","王少勃","2022-10-21","3","","",""
"8546","极光PDF阅读器(#20)","/核心用例(#353)","","【书签】入口","","1. 1 打开一个PDF、MOBI、EPUB文件
2. 点击左侧书签按钮","1. 弹出书签侧边栏
2.","1. 
2.","","","功能测试","","已实现自动化","0","0","2","","梁智波","2021-08-17","王少勃","2022-10-21","2","","",""
"8545","极光PDF阅读器(#20)","/核心用例(#353)","","【文件菜单】解密并保存","打开一个加密PDF文件","1. 点击打开文件下拉菜单
2. 点击解密并保存
3. 点击确定","1. 当前文件被解密并保存
2. 
3.","1. 
2. 
3.","","3","功能测试","","已实现自动化","0","0","3","","梁智波","2021-11-02","王少勃","2022-10-21","1","","",""
"8544","极光PDF阅读器(#20)","/核心用例(#353)","","【文件菜单】加密并保存","1 打开一个PDF文件(或加密PDF文件)","1. 点击打开文件下拉菜单
2. 点击加密并保存
3. 输入密码点击确定","1. 对当前文件加密并保存
2. 
3.","1. 
2. 
3.","","3","功能测试","","已实现自动化","0","0","3","","梁智波","2021-11-02","王少勃","2022-10-21","2","","",""
"8543","极光PDF阅读器(#20)","/核心用例(#353)","","【文件菜单】退出(ctrl+q)","","1. 1 点击文件下拉菜单
2 点击退出(ctrl+q)","1. 退出阅读器","1.","","","功能测试","","已实现自动化","0","0","1","","梁智波","2021-08-05","王少勃","2022-10-21","1","","",""
"8542","极光PDF阅读器(#20)","/核心用例(#353)","","【文件菜单】反馈建议","","1. 1 点击文件下拉菜单
2 点击反馈建议
3 打开反馈窗口输入对应内容点击提交","1. 1 展开反馈窗口
2 建议被提交到后台","1.","","","功能测试","","已实现自动化","0","0","1","","梁智波","2021-08-05","王少勃","2022-10-21","1","","",""
"8541","极光PDF阅读器(#20)","/核心用例(#353)","","【文件菜单】默认设置","","1. 1 点击文件下拉菜单
2 点击默认设置","1. 打开设置窗口","1.","","","功能测试","","已实现自动化","0","0","1","","梁智波","2021-08-05","王少勃","2022-10-21","1","","",""
"8540","极光PDF阅读器(#20)","/核心用例(#353)","","【文件菜单】导出PDF为","","1. 1 点击文件下拉菜单
2 选择导出PDF为列表中任意一项","1. 调起转换器，并且跳转到对应页签","1.","","","功能测试","","已实现自动化","0","0","1","","梁智波","2021-08-05","王少勃","2022-10-21","1","","",""
"8539","极光PDF阅读器(#20)","/核心用例(#353)","","【文件菜单】打印","","1. 1 打开一个PDF文件
2 点击文件下拉菜单
3 点击打印(ctrl+p)","1. 打开高级打印窗口","1.","","","功能测试","","已实现自动化","0","0","1","","梁智波","2021-08-05","王少勃","2022-10-21","1","","",""
"8538","极光PDF阅读器(#20)","/核心用例(#353)","","【文件菜单】另存为(ctrl+shift+s)","","1. 1 打开一个PDF文件
2 点击文件下拉菜单
3 点击另存为(ctrl+shift+s)
4 输入文件名后保存","1. 1 文件被另存为
2 新文件内容与原文件一致","1.","","","功能测试","","已实现自动化","0","0","1","","梁智波","2021-08-05","王少勃","2022-10-21","1","","",""
"8537","极光PDF阅读器(#20)","/核心用例(#353)","","【文件菜单】保存(ctrl+s)","","1. 1 打开一个PDF文件并做修改
2 点击文件下拉菜单
3 点击保存(ctrl+s)","1. 文档修改被保存","1.","","","功能测试","","已实现自动化","0","0","1","","梁智波","2021-08-05","王少勃","2022-10-21","1","","",""
"8536","极光PDF阅读器(#20)","/核心用例(#353)","","【文件菜单】打开(ctrl+o)","","1. 1 点击文件下拉菜单
2 点击打开菜单项目
3 输入路径或选择PDF、mobi、epub等类型文件
4 点击打开(O)","1. 文件在阅读器内被打开","1.","","","功能测试","","已实现自动化","0","0","1","","梁智波","2021-08-05","王少勃","2022-10-21","1","","",""
"8535","极光PDF阅读器(#20)","/核心用例(#353)","","【右键菜单】移除所有链接","打开一个PDF文件，添加一个链接","1. 右键点击链接
2. 点击移除所有链接菜单
3. 弹出确认框后点击确定","1. 
2. 
3. 移除当前文件内所有链接","1. 
2. 
3.","","","功能测试","","已实现自动化","0","0","3","","梁智波","2022-02-18","王少勃","2022-10-21","1","","",""
"8534","极光PDF阅读器(#20)","/核心用例(#353)","","【右键菜单】编辑链接","打开一个PDF文件，添加一个链接","1. 右键点击链接
2. 点击编辑链接菜单","1. 
2. 进入编辑链接界面","1. 
2.","","","功能测试","","已实现自动化","0","0","2","","梁智波","2022-02-18","王少勃","2022-10-21","1","","",""
"8533","极光PDF阅读器(#20)","/核心用例(#353)","","【PDF链接】预览","打开一个PDF文件","1. 添加一个跳转页面类型链接
2. 在指定页面输入框输入不同页码","1. 
2. 预览界面会跟随页码改变","1. 
2.","","","功能测试","","已实现自动化","0","0","2","","梁智波","2022-02-18","王少勃","2022-10-21","1","","",""
"8532","极光PDF阅读器(#20)","/(#0)","","【链接类型】跳转页面","打开一个PDF文件","1. 点击选中链接按钮后，在页面上绘制一个矩形进入创建链接界面
2. 在指定页面输入框内输入有效页面范围(若超出范围会自动修改为可用范围值)
3. 点击确定","1. 
2. 
3. 生成一个链接，点击链接跳转到对应页面(若页面被删除则提示链接失效)
*记录的是页面信息，若其他页面发生变化会自动修改页面最新页码值","1. 
2. 
3.","","","功能测试","","已实现自动化","0","0","3","","梁智波","2022-02-18","王少勃","2022-10-21","1","","",""
"8531","极光PDF阅读器(#20)","/(#0)","","【PDF链接】功能入口","打开一个PDF文件","1. 切换到编辑tab下，点击链接按钮
2. 选中页面文本后右键点击，点击创建链接菜单","1. 
2.","1. 
2.","","","功能测试","","已实现自动化","0","0","2","","梁智波","2022-02-18","王少勃","2022-10-21","1","","",""
"8530","极光PDF阅读器(#20)","/核心用例(#353)","","【注释列表】删除(快捷)","","1. 1 打开一个PDF文件
2 展开注释侧边栏
3 右键点击任一注释
4 按键盘上的delete键","1. 当前注释被删除","1.","","","功能测试","","已实现自动化","0","0","1","","梁智波","2021-11-03","王少勃","2022-10-21","1","","",""
"8529","极光PDF阅读器(#20)","/核心用例(#353)","","【注释列表】删除","","1. 1 打开一个PDF文件
2 展开注释侧边栏
3 右键点击任一注释
4 点击右键菜单上的删除","1. 当前注释被删除","1.","","","功能测试","","已实现自动化","0","0","1","","梁智波","2021-11-03","王少勃","2022-10-21","1","","",""
"8528","极光PDF阅读器(#20)","/核心用例(#353)","","【注释列表】复制","","1. 1 打开一个PDF文件
2 展开注释侧边栏
3 右键点击任一注释
4 点击右键菜单上的复制","1. 当前注释内容被复制(若形状注释则为空)","1.","","","功能测试","","已实现自动化","0","0","1","","梁智波","2021-11-03","王少勃","2022-10-21","1","","",""
"8527","极光PDF阅读器(#20)","/核心用例(#353)","","【注释列表】折叠/展开注释","","1. 1 打开一个PDF文件
2 展开注释侧边栏
3 点击页数旁边的折叠/展开按钮","1. 该页所有注释被收起/展开","1.","","","功能测试","","已实现自动化","0","0","1","","梁智波","2021-11-03","王少勃","2022-10-21","1","","",""
"8526","极光PDF阅读器(#20)","/核心用例(#353)","","【注释列表】添加标注内容","","1. 1 打开一个PDF文件
2 展开注释侧边栏
3 在&quot;添加标注内容框&quot;内输入内容","1. 输入内容添加到当前注释标注框内","1.","","","功能测试","","已实现自动化","0","0","1","","梁智波","2021-11-03","王少勃","2022-10-21","1","","",""
"8525","极光PDF阅读器(#20)","/核心用例(#353)","","【注释列表】点击跳转","","1. 1 打开一个PDF文件
2 展开注释侧边栏
3 点击列表内任一注释记录","1. 页面跳转到该注释记录所在位置","1.","","","功能测试","","已实现自动化","0","0","1","","梁智波","2021-11-03","王少勃","2022-10-21","1","","",""
"8524","极光PDF阅读器(#20)","/核心用例(#353)","","【注释列表】仅显示有效引用/显示全部内容","","1. 1 打开一个PDF文件
2 展开侧边栏时默认仅显示有效引用(不显示形状注释)
3 切换到显示全部内容时，则展示全部注释记录","1. 1 仅显示有效引用：仅展示文本注释，不显示形状注释
2 显示全部内容：显示全部注释记录","1.","","","功能测试","","已实现自动化","0","0","1","","梁智波","2021-11-03","王少勃","2022-10-21","1","","",""
"8523","极光PDF阅读器(#20)","/核心用例(#353)","","【注释列表】功能逻辑","","1. 文件内所有注释以页为单位展示在注释列表内","1.","1.","","","功能测试","","已实现自动化","0","0","1","","梁智波","2021-11-03","王少勃","2022-10-21","1","","",""
"8522","极光PDF阅读器(#20)","/核心用例(#353)","","【注释列表】功能入口","","1. 1 打开一个PDF文件
2 点击左侧注释按钮","1. 注释侧边栏被展开","1.","","","功能测试","","已实现自动化","0","0","1","","梁智波","2021-11-03","王少勃","2022-10-21","1","","",""
"8521","极光PDF阅读器(#20)","/核心用例(#353)","","【注释tab页】按钮选中逻辑","","1. 点击注释tab下所有按钮(便签除外)
2. 当按钮处于选中态时，再次点击或按esc键
3. 若当前已选中文本，点击文本注释按钮(高亮、下划线、波浪线、删除线)","1. 按钮处于一个选中态，可多次进行添加注释操作
2. 按钮选中态被取消
3. 当前文本添加上对应注释，但按钮不会处于选中态","1. 
2. 
3.","","3","功能测试","","已实现自动化","0","0","3","","梁智波","2021-11-02","王少勃","2022-10-21","1","","",""
"8520","极光PDF阅读器(#20)","/核心用例(#353)","","【注释右键菜单】关闭页面注释","","1. 打开PDF文件后
2. 右键点击任一注释
3.  点击关闭页面注释","1. 当前页面内所有注释的标注框被关闭
2. 
3.","1. 
2. 
3.","","","功能测试","","已实现自动化","0","0","3","","梁智波","2021-08-27","王少勃","2022-10-21","2","","",""
"8519","极光PDF阅读器(#20)","/核心用例(#353)","","【注释右键菜单】展开页面注释","","1. 打开PDF文件后
2. 右键点击任一注释
3. 点击展开页面注释","1. 当前页面内所有注释的标注框被展开
2. 
3.","1. 
2. 
3.","","","功能测试","","已实现自动化","0","0","3","","梁智波","2021-08-27","王少勃","2022-10-21","2","","",""
"8518","极光PDF阅读器(#20)","/核心用例(#353)","","【注释右键菜单】展开当前注释\关闭当前注释","","1. 打开PDF文件后
2. 右键点击任一注释
3. 点击展开当前注释\关闭当前注释","1. 该注释标注框被展开\关闭
2. 
3.","1. 
2. 
3.","","","功能测试","","已实现自动化","0","0","3","","梁智波","2021-08-27","王少勃","2022-10-21","2","","",""
"8517","极光PDF阅读器(#20)","/核心用例(#353)","","【注释右键菜单】删除","","1. 打开PDF文件后
2. 右键点击任一注释
3. 点击删除（D","1. 选中注释被删除
2. 
3.","1. 
2. 
3.","","","功能测试","","已实现自动化","0","0","3","","梁智波","2021-08-27","王少勃","2022-10-21","2","","",""
"8516","极光PDF阅读器(#20)","/核心用例(#353)","","【形状注释】椭圆","","1. 打开PDF文件，切换至注释tab页下
2. 选中椭圆按钮后，在页面内用鼠标绘制一个椭圆","1. 鼠标滑过的地方绘制出一个椭圆注释
2.","1. 
2.","","","功能测试","","已实现自动化","0","0","2","","梁智波","2021-08-27","王少勃","2022-10-21","2","","",""
"8515","极光PDF阅读器(#20)","/核心用例(#353)","","【形状注释】矩形","","1. 打开PDF文件，切换至注释tab页下
2.  选中矩形按钮后，在页面内用鼠标绘制一个矩形","1. 鼠标滑过的地方绘制出一个矩形注释
2.","1. 
2.","","","功能测试","","已实现自动化","0","0","2","","梁智波","2021-08-27","王少勃","2022-10-21","2","","",""
"8514","极光PDF阅读器(#20)","/核心用例(#353)","","【形状注释】箭头","","1. 打开PDF文件，切换至注释tab页下
2. 选中箭头按钮后，在页面内用鼠标绘制一条直线","1. 鼠标滑过的地方绘制出一条箭头注释
2.","1. 
2.","","","功能测试","","已实现自动化","0","0","2","","梁智波","2021-08-27","王少勃","2022-10-21","2","","",""
"8513","极光PDF阅读器(#20)","/核心用例(#353)","","【形状注释】直线","","1. 打开PDF文件，切换至注释tab页下
2. 选中直线按钮后，在页面内用鼠标绘制一条直线","1. 鼠标滑过的地方绘制出一条直线注释
2.","1. 
2.","","","功能测试","","已实现自动化","0","0","2","","梁智波","2021-08-27","王少勃","2022-10-21","2","","",""
"8512","极光PDF阅读器(#20)","/核心用例(#353)","","【注释】便签","","1. 1 打开PDF文件，切换至注释tab页下
2 选中便签按钮后，点击页面内任意位置","1. 1 该位置上添加便签注释
2 便签按钮选中态取消掉","1.","","","功能测试","","已实现自动化","0","0","1","","梁智波","2021-08-27","王少勃","2022-10-21","1","","",""
"8511","极光PDF阅读器(#20)","/核心用例(#353)","","【注释】删除线","","1. 打开PDF文件，切换至注释tab页下
2. 选中文字后，点击删除线按钮","1. 对应文本添加上删除线注释
2.","1. 
2.","","","功能测试","","已实现自动化","0","0","2","","梁智波","2021-08-27","王少勃","2022-10-21","2","","",""
"8510","极光PDF阅读器(#20)","/核心用例(#353)","","【注释】波浪线","","1. 打开PDF文件，切换至注释tab页下
2. 选中文字后，点击波浪线按钮","1. 对应文本添加上波浪线注释
2.","1. 
2.","","","功能测试","","已实现自动化","0","0","2","","梁智波","2021-08-27","王少勃","2022-10-21","2","","",""
"8509","极光PDF阅读器(#20)","/核心用例(#353)","","【注释】下划线","","1. 打开PDF文件，切换至注释tab页下
2. 选中文字后，点击下划线按钮","1. 对应文本添加上下划线注释
2.","1. 
2.","","","功能测试","","已实现自动化","0","0","2","","梁智波","2021-08-27","王少勃","2022-10-21","2","","",""
"8508","极光PDF阅读器(#20)","/核心用例(#353)","","【注释】文本高亮","","1. 打开PDF文件，切换至注释tab页下
2. 选中文字后，点击文本高亮按钮","1. 对应文本添加上文本高亮注释
2.","1. 
2.","","","功能测试","","已实现自动化","0","0","2","","梁智波","2021-08-27","王少勃","2022-10-21","2","","",""
"8507","极光PDF阅读器(#20)","/核心用例(#353)","","【新建TAB】实用工具调起填写签名","已打开阅读器，并进入新建TAB页面","1. 在新建TAB页点击【填写签名】
2. 输入文件路径，点击打开
3. 检查进入填写签名是否正常","1. 调起PDF打开窗口
2. 打开PDF成功，且进入填写签名功能
3. PDF文档已进入填写签名功能，且功能正常","1. 
2. 
3.","","1","功能测试","功能测试阶段","已实现自动化","0","0","3","","王少勃","2022-10-21","王少勃","2022-10-21","1","","",""
"8506","极光PDF阅读器(#20)","/核心用例(#353)","","【新建TAB】实用工具调起图片转文字","已打开阅读器，并进入新建TAB页面，","1. 在新建TAB页点击实用工具【图片转文字】","1. 调起PDF中图片转文字功能","1.","","1","功能测试","功能测试阶段","已实现自动化","0","0","1","","王少勃","2022-10-21","王少勃","2022-10-21","1","","",""
"8505","极光PDF阅读器(#20)","/核心用例(#353)","","【新建TAB】实用工具调起页面编辑","已打开阅读器，并进入新建TAB页面","1. 在新建TAB页点击【页面编辑】
2. 输入文件路径，点击打开
3. 检查进入页面编辑模式是否正常","1. 调起PDF打开窗口
2. 打开PDF成功，且进入页面编辑
3. PDF文档已进入PDF页面模式，且内容正常","1. 
2. 
3.","","1","功能测试","功能测试阶段","已实现自动化","0","0","3","","王少勃","2022-10-21","王少勃","2022-10-21","1","","",""
"8504","极光PDF阅读器(#20)","/核心用例(#353)","","【新建TAB】实用工具调起合并PDF","已打开阅读器，并进入新建TAB页面，","1. 在新建TAB页点击实用工具【合并】","1. 调起PDF转换器并跳转到合并pdf界面","1.","","1","功能测试","功能测试阶段","已实现自动化","0","0","1","","王少勃","2022-10-21","王少勃","2022-10-21","1","","",""
"8503","极光PDF阅读器(#20)","/核心用例(#353)","","【新建TAB】实用工具调起PDF转PPT","已打开阅读器，并进入新建TAB页面，","1. 在新建TAB页点击实用工具【PDF转PPT】","1. 调起PDF转换器并跳转到pdf转PPT界面","1.","","1","功能测试","功能测试阶段","已实现自动化","0","0","1","","王少勃","2022-10-21","王少勃","2022-10-21","1","","",""
"8502","极光PDF阅读器(#20)","/核心用例(#353)","","【新建TAB】实用工具调起PDF转图片","已打开阅读器，并进入新建TAB页面，","1. 在新建TAB页点击实用工具【PDF转图片】","1. 调起PDF转换器并跳转到pdf转图片界面","1.","","1","功能测试","功能测试阶段","已实现自动化","0","0","1","","王少勃","2022-10-21","王少勃","2022-10-21","1","","",""
"8501","极光PDF阅读器(#20)","/核心用例(#353)","","【新建TAB】实用工具调起PDF转word","已打开阅读器，并进入新建TAB页面，","1. 在新建TAB页点击实用工具【PDF转word】","1. 调起PDF转换器并跳转到pdf转word界面","1.","","1","功能测试","功能测试阶段","已实现自动化","0","0","1","","王少勃","2022-10-21","王少勃","2022-10-21","1","","",""
"8500","极光PDF阅读器(#20)","/核心用例(#353)","","【新建TAB】清除所有","已打开阅读器，并进入新建TAB页面，新建TAB页存在历史记录","1. 在新建TAB页点击【清除所有】","1. 清除所有的历史记录，历史记录整个栏消失","1.","","1","功能测试","功能测试阶段","已实现自动化","0","0","1","","王少勃","2022-10-21","王少勃","2022-10-21","1","","",""
"8499","极光PDF阅读器(#20)","/核心用例(#353)","","【新建TAB】打开查看更多","已打开阅读器，并进入新建TAB页面","1. 在新建TAB页点击【查看更多】","1. 跳转到pdf开始页，如果没有打开开始页会打开开始页并进入。","1.","","1","功能测试","功能测试阶段","已实现自动化","0","0","1","","王少勃","2022-10-21","王少勃","2022-10-21","1","","",""
"8498","极光PDF阅读器(#20)","/核心用例(#353)","","【新建TAB】打开全文翻译","已打开阅读器，并进入新建TAB页面","1. 在新建TAB页点击【全文翻译】","1. 调起全文翻译进程","1.","","1","功能测试","功能测试阶段","已实现自动化","0","0","1","","王少勃","2022-10-21","王少勃","2022-10-21","1","","",""
"8497","极光PDF阅读器(#20)","/核心用例(#353)","","【新建TAB】打开转换PDF","已打开阅读器，并进入新建TAB页面","1. 在新建TAB页点击【转换PDF】","1. 调起PDF转换器进程","1.","","1","功能测试","功能测试阶段","已实现自动化","0","0","1","","王少勃","2022-10-21","王少勃","2022-10-21","1","","",""
"8496","极光PDF阅读器(#20)","/核心用例(#353)","","【新建TAB】打开编辑PDF","已打开阅读器，并进入新建TAB页面","1. 在新建TAB页点击【编辑PDF】
2. 输入文件路径，点击打开
3. 检查是否进入编辑模式","1. 调起PDF打开窗口
2. 打开PDF成功
3. PDF文档已进入PDF模式","1. 
2. 
3.","","1","功能测试","功能测试阶段","已实现自动化","0","0","3","","王少勃","2022-10-21","王少勃","2022-10-21","1","","",""
"8495","极光PDF阅读器(#20)","/核心用例(#353)","","【新建TAB】打开从图片新建","已打开阅读器，并进入新建TAB页面","1. 在新建TAB页点击【从图片新建】
2. 点击打开图片文件进行转换，检查此时临时TEMP保存是否正常
3. 点击保存，检查保存是否正常，临时目录是否删除。","1. 调起PDF打开窗口
2. 图片文件转换正常，临时TEMP目录存储正常
3. 保存正常，临时目录删除正常","1. 
2. 
3.","","1","功能测试","功能测试阶段","已实现自动化","0","0","3","","王少勃","2022-10-21","王少勃","2022-10-21","1","","",""
"8494","极光PDF阅读器(#20)","/核心用例(#353)","","【新建TAB】打开从word新建","已打开阅读器，并进入新建TAB页面","1. 在新建TAB页点击【从word新建】
2. 点击打开word文件进行转换，检查此时临时TEMP保存是否正常
3. 点击保存，检查保存是否正常，临时目录是否删除。","1. 调起PDF打开窗口
2. word文件转换正常，临时TEMP目录存储正常
3. 保存正常，临时目录删除正常","1. 
2. 
3.","","1","功能测试","功能测试阶段","已实现自动化","0","0","3","","王少勃","2022-10-21","王少勃","2022-10-21","1","","",""
"8493","极光PDF阅读器(#20)","/核心用例(#353)","","【新建TAB】打开新建空白页","已打开阅读器，并进入新建TAB页面","1. 在新建TAB页点击【新建空白页】
2. 检查此时临时TEMP保存是否正常
3. 点击保存，检查保存是否正常，临时目录是否删除。","1. 调起PDF打开窗口，并新建PDF空白页成功，文件名为未命名
2. 临时TEMP目录存储正常
3. 保存正常，临时目录删除正常","1. 
2. 
3.","","1","功能测试","功能测试阶段","已实现自动化","0","0","3","","王少勃","2022-10-21","王少勃","2022-10-21","1","","",""
"8492","极光PDF阅读器(#20)","/核心用例(#353)","","【新建TAB】打开PDF文档","已打开阅读器，并进入新建TAB页面","1. 在新建TAB页点击【打开PDF】
2. 输入文件路径，点击打开","1. 调起PDF打开窗口
2. 打开PDF成功","1. 
2.","","1","功能测试","功能测试阶段","已实现自动化","0","0","2","","王少勃","2022-10-21","王少勃","2022-10-21","1","","",""
"8491","极光PDF阅读器(#20)","/核心用例(#353)","","【新建TAB】打开新建TAB页面","已打开阅读器","1. 点击新建TAB入口","1. 打开新建TAB成功","1.","","1","功能测试","功能测试阶段","已实现自动化","0","0","1","","王少勃","2022-10-21","王少勃","2022-10-21","1","","",""
"8472","极光PDF阅读器(#20)","/核心用例(#353)","","【搜索与替换】入口名称及入口","","1. 未打开PDF文件
2. 打开一个PDF文件
3. 点击入口【搜索与替换】
4. 点击toolbar上搜索输入框，输入搜索内容按回车
5. ctrl+f","1. 搜索与替换入口置灰
2. 可以点击入口【搜索与替换】
3. 打开搜索与替换
4. 进入搜索页面
5. 打开搜索与替换","1. 
2. 
3. 
4. 
5.","","1","功能测试","
功能测试阶段","已实现自动化","0","0","5","","王少勃","2022-05-06","王少勃","2022-10-21","1","","",""
"8471","极光PDF阅读器(#20)","/核心用例(#353)","","【搜索与替换】搜索区分大小写","已打开一个pdf文件","1. 勾选区分大小写进行搜索，如搜索全小写test","1. 仅会搜索出有全小写test的内容","1.","","2","功能测试","
功能测试阶段","已实现自动化","0","0","1","","王少勃","2022-05-06","王少勃","2022-10-21","1","","",""
"8470","极光PDF阅读器(#20)","/核心用例(#353)","","【搜索与替换】搜索全词匹配","已打开一个pdf文件","1. 验证全词匹配","1. 对含英文文本匹配时，增加前后英文字母的过滤。如搜索he时，去除“字母+he”或“he+字母”此类词，中文不考虑全词匹配功能","1.","","2","功能测试","
功能测试阶段","已实现自动化","0","0","1","","王少勃","2022-05-06","王少勃","2022-10-21","1","","",""
"8469","极光PDF阅读器(#20)","/核心用例(#353)","","【搜索与替换】搜索替换回退","已打开一个pdf文件","1. 单个替换撤回
2. 多个替换撤回","1. 单个替换可以撤回，撤回及还原时会定位到相应的item
2. 全部替换不可以撤回，当前状态是可撤回的情况下，使用全部替换会提示保存","1. 
2.","","2","功能测试","
功能测试阶段","已实现自动化","0","0","2","","王少勃","2022-05-06","王少勃","2022-10-21","1","","",""
"8468","极光PDF阅读器(#20)","/核心用例(#353)","","【搜索与替换】搜索全部替换成功","已打开一个pdf文件","1. 用户输入搜索关键字内容后，点击替换按钮
2. 全部替换成功后提示","1. 首次点击替换，搜索到多个替换目标
2. 已替换999个搜索结果，999个替换失败/已替换999个搜索结果","1. 
2.","","2","功能测试","
功能测试阶段","已实现自动化","0","0","2","","王少勃","2022-05-06","王少勃","2022-10-21","1","","",""
"8467","极光PDF阅读器(#20)","/核心用例(#353)","","【搜索与替换】搜索全部替换失败","已打开一个pdf文件","1. 用户输入搜索关键字内容后，点击替换按钮
2. 替换全部搜索到的词，且存在多个替换失败","1. 首次点击替换，搜索到多个替换目标
2. 仅显示一次toast弹窗，替换成功的正常替换","1. 
2.","","2","功能测试","
功能测试阶段","已实现自动化","0","0","2","","王少勃","2022-05-06","王少勃","2022-10-21","1","","",""
"8466","极光PDF阅读器(#20)","/核心用例(#353)","","【搜索与替换】搜索替换内容","已打开一个pdf文件","1. 用户输入搜索关键字内容后，点击替换按钮
2. 点击替换进行替换
3. 替换时需要对关键词匹配，匹配失败
4. 若无搜索选中的词","1. 首次点击替换，搜索到替换目标
2. 替换成功后已替换的关键词置为绿色，同时自动选中下一个词
3. 匹配失败则提示“失败提示”，关键词置为红色
4. 使用搜索功能，进行搜索","1. 
2. 
3. 
4.","","2","功能测试","
功能测试阶段","已实现自动化","0","0","4","","王少勃","2022-05-06","王少勃","2022-10-21","1","","",""
"8465","极光PDF阅读器(#20)","/核心用例(#353)","","【搜索与替换】搜索替换内容下一个","已打开一个pdf文件，该内容包含多个关键字","1. 用户输入搜索关键字内容后，点击替换按钮
2. 点击替换进行替换
3. 点击下一个","1. 首次点击替换，搜索到替换目标
2. 替换以后标注绿色
3. 从选中的关键字起，向下搜索关键字。无选中关键字则从文本开始搜索输入框关键字","1. 
2. 
3.","","2","功能测试","
功能测试阶段","已实现自动化","0","0","3","","王少勃","2022-05-06","王少勃","2022-10-21","1","","",""
"8464","极光PDF阅读器(#20)","/核心用例(#353)","","【搜索与替换】搜索替换内容上一个","已打开一个pdf文件，该内容包含多个关键字","1. 用户输入搜索关键字内容后，点击替换按钮
2. 点击替换进行替换
3. 点击上一个","1. 首次点击替换，搜索到替换目标
2. 替换以后标注绿色
3. 从选中的关键字起，向上搜索关键字。无选中关键字则从文本开始搜索输入框关键字","1. 
2. 
3.","","2","功能测试","
功能测试阶段","已实现自动化","0","0","3","","王少勃","2022-05-06","王少勃","2022-10-21","1","","",""
"8463","极光PDF阅读器(#20)","/核心用例(#353)","","【搜索与替换】搜索需替换内容","已打开一个pdf文件","1. 用户输入搜索内容后，点击替换按钮
2. 检查被搜索的内容文案
3. 点击替换进行替换
4. 替换失败","1. 首次点击替换，搜索到替换目标
2. 搜索结果颜色标注黄色
3. 替换以后标注绿色
4. 标注红色","1. 
2. 
3. 
4.","","2","功能测试","
功能测试阶段","已实现自动化","0","0","4","","王少勃","2022-05-06","王少勃","2022-10-21","1","","",""
"8462","极光PDF阅读器(#20)","/核心用例(#353)","","【搜索与替换】替换功能验证","已打开一个pdf文件","1. 用户输入搜索内容后，点击替换按钮
2. 再次点击替换","1. 首次点击替换，搜索到替换目标
2. 将替换内容替换搜索内容，同时进入编辑模式","1. 
2.","","2","功能测试","
功能测试阶段","已实现自动化","0","0","2","","王少勃","2022-05-06","王少勃","2022-10-21","1","","",""
"8461","极光PDF阅读器(#20)","/核心用例(#353)","","【搜索与替换】入口名称及入口","","1. 未打开PDF文件
2. 打开一个PDF文件
3. 点击入口【搜索与替换】
4. ctrl+f","1. 搜索与替换入口置灰
2. 可以点击入口【搜索与替换】
3. 打开搜索与替换
4. 打开搜索与替换","1. 
2. 
3. 
4.","","1","功能测试","
功能测试阶段","已实现自动化","0","0","4","","王少勃","2022-05-06","王少勃","2022-10-21","1","","",""
"8459","极光PDF阅读器(#20)","/核心用例(#353)","","【打印】页码选择打印","已打开打印界面，并连接虚拟打印机","1. 在页码选择输入框输入【1-2】
2. 点击开始打印
3. 输入文件名进行保存
4. 查看打印页数是否符合预期","1. 输入成功
2. 弹出将打印输出另存为
3. 保存成功
4. 打印页数符合预期","1. 
2. 
3. 
4.","","2","功能测试","
功能测试阶段","已实现自动化","0","0","4","","王少勃","2022-10-21","郭滏腾","2022-11-30","1","","",""
"8458","极光PDF阅读器(#20)","/核心用例(#353)","","【打印】按份打印","已打开打印界面，并连接虚拟打印机","1. 在份数打印输入框输入【2】
2. 点击开始打印
3. 输入文件名进行保存
4. 查看打印页数是否符合预期","1. 输入成功
2. 弹出将打印输出另存为
3. 保存成功
4. 打印页数符合预期","1. 
2. 
3. 
4.","","2","功能测试","
功能测试阶段","正常","0","0","4","","王少勃","2022-10-21","","0000-00-00","1","","",""
"8455","极光PDF阅读器(#20)","/核心用例(#353)","","【PDF复制粘贴】跨文档复制粘贴","进入PDF，且点击【适合宽度】，点击【显示首页】","1. 选择内容进行复制
2. 新建pdf空白页进行内容粘贴
3. 对比同原文档是否一致","1. 复制成功
2. 粘贴成功
3. 两次内容一致","1. 
2. 
3.","","1","功能测试","功能测试阶段","已实现自动化","0","0","3","","王少勃","2022-10-20","王少勃","2022-10-20","1","","",""
"8454","极光PDF阅读器(#20)","/核心用例(#353)","","【PDF复制粘贴】同文档复制粘贴","进入PDF，且点击【适合宽度】，点击【显示首页】","1. 选择内容进行复制
2. 内容进行粘贴
3. 对比两次内容是否一致","1. 复制成功
2. 粘贴成功
3. 两次内容一致","1. 
2. 
3.","","1","功能测试","功能测试阶段","已实现自动化","0","0","3","","王少勃","2022-10-20","王少勃","2022-10-20","1","","",""
"8453","极光PDF阅读器(#20)","/核心用例(#353)","","【PDF复制粘贴】注释复制内容对比","进入PDF，且点击【适合宽度】，点击【显示首页】，打开注释列表","1. 选择内容进行注释
2. 右键注释文案进行复制
3. 进入注释栏右键文案进行复制
4. 对比两次复制内容是否一致","1. 注释成功
2. 复制成功
3. 复制成功
4. 两次复制内容一致","1. 
2. 
3. 
4.","","1","功能测试","功能测试阶段","已实现自动化","0","0","4","","王少勃","2022-10-20","王少勃","2022-10-20","1","","",""
"8452","极光PDF阅读器(#20)","/核心用例(#353)","","【PDF复制粘贴】进出编辑模式复制内容对比","进入PDF，且点击【适合宽度】，点击【显示首页】","1. 点击进入阅读模式
2. 阅读模式下划取文案进行复制
3. 进入编辑模式
4. 编辑模式下划取文案进行复制
5. 对比两次复制内容是否一致","1. 进入阅读模式成功
2. 复制成功
3. 进入编辑模式成功
4. 复制成功
5. 两次复制内容一致","1. 
2. 
3. 
4. 
5.","","1","功能测试","功能测试阶段","已实现自动化","0","0","5","","王少勃","2022-10-20","王少勃","2022-10-20","1","","",""
"8451","极光PDF阅读器(#20)","/核心用例(#353)","","【PDF复制粘贴】编辑模式复制多次粘贴","进入PDF，且点击【适合宽度】，点击【显示首页】","1. 点击进入阅读模式
2. 阅读模式下划取文案进行复制
3. 第一次粘贴
4. 第二次粘贴
5. 对比两次粘贴内容是否一致","1. 进入阅读模式成功
2. 复制成功
3. 粘贴成功
4. 粘贴成功
5. 两次粘贴内容一致","1. 
2. 
3. 
4. 
5.","","1","功能测试","功能测试阶段","已实现自动化","0","0","5","","王少勃","2022-10-20","王少勃","2022-10-20","1","","",""
"8450","极光PDF阅读器(#20)","/核心用例(#353)","","【PDF复制粘贴】编辑模式复制对比剪切板","进入PDF，且点击【适合宽度】，点击【显示首页】","1. 点击进入编辑模式
2. 编辑模式下划取文案进行复制
3. 解析原文档与复制内容进行对比","1. 进入编辑模式成功
2. 复制成功
3. 复制内容同原文档内容一致","1. 
2. 
3.","","1","功能测试","功能测试阶段","已实现自动化","0","0","3","","王少勃","2022-10-20","王少勃","2022-10-20","1","","",""
"8449","极光PDF阅读器(#20)","/核心用例(#353)","","【PDF复制粘贴】阅读模式复制对比剪切板","进入PDF，且点击【适合宽度】，点击【显示首页】","1. 点击进入阅读模式
2. 阅读模式下划取文案进行复制
3. 右键菜单进行复制
4. 对比两次复制内容是否一致","1. 进入阅读模式成功
2. 复制成功
3. 复制成功
4. 两次复制内容一致","1. 
2. 
3. 
4.","","1","功能测试","功能测试阶段","已实现自动化","0","0","4","","王少勃","2022-10-20","王少勃","2022-10-20","1","","",""
"8448","极光PDF阅读器(#20)","/核心用例(#353)","","【windows pdf右键菜单】右键PDF加密","重启explorer创建环境，打开right_click_menu文件夹","1. 右键点击pdf_right.pdf，点击PDF合并/拆分/压缩，点击PDF加密","1. 调起打开pdfconverter.exe功能正常","1.","","1","功能测试","功能测试阶段","已实现自动化","0","0","1","","王少勃","2022-10-20","王少勃","2022-10-20","1","","",""
"8447","极光PDF阅读器(#20)","/核心用例(#353)","","【windows pdf右键菜单】右键PDF压缩","重启explorer创建环境，打开right_click_menu文件夹","1. 右键点击pdf_right.pdf，点击PDF合并/拆分/压缩，点击PDF压缩","1. 调起打开pdfconverter.exe功能正常","1.","","1","功能测试","功能测试阶段","已实现自动化","0","0","1","","王少勃","2022-10-20","王少勃","2022-10-20","1","","",""
"8446","极光PDF阅读器(#20)","/核心用例(#353)","","【windows pdf右键菜单】右键PDF拆分","重启explorer创建环境，打开right_click_menu文件夹","1. 右键点击pdf_right.pdf，点击PDF合并/拆分/压缩，点击PDF拆分","1. 调起打开pdfconverter.exe功能正常","1.","","1","功能测试","功能测试阶段","已实现自动化","0","0","1","","王少勃","2022-10-20","王少勃","2022-10-20","1","","",""
"8445","极光PDF阅读器(#20)","/核心用例(#353)","","【windows pdf右键菜单】右键PDF合并","重启explorer创建环境，打开right_click_menu文件夹","1. 右键点击pdf_right.pdf，点击PDF合并/拆分/压缩，点击PDF合并","1. 调起打开pdfconverter.exe功能正常","1.","","1","功能测试","功能测试阶段","已实现自动化","0","0","1","","王少勃","2022-10-20","王少勃","2022-10-20","1","","",""
"8444","极光PDF阅读器(#20)","/核心用例(#353)","","【windows pdf右键菜单】右键将PDF转换为图片","重启explorer创建环境，打开right_click_menu文件夹","1. 右键点击pdf_right.pdf，点击将PDF转换为其他格式，点击转换为图片","1. 调起打开pdfconverter.exe功能正常","1.","","1","功能测试","功能测试阶段","已实现自动化","0","0","1","","王少勃","2022-10-20","王少勃","2022-10-20","1","","",""
"8443","极光PDF阅读器(#20)","/核心用例(#353)","","【windows pdf右键菜单】右键将PDF转换为CAD","重启explorer创建环境，打开right_click_menu文件夹","1. 右键点击pdf_right.pdf，点击将PDF转换为其他格式，点击转换为CAD","1. 调起打开pdfconverter.exe功能正常","1.","","1","功能测试","功能测试阶段","已实现自动化","0","0","1","","王少勃","2022-10-20","王少勃","2022-10-20","1","","",""
"8442","极光PDF阅读器(#20)","/核心用例(#353)","","【windows pdf右键菜单】右键将PDF转换为PPT","重启explorer创建环境，打开right_click_menu文件夹","1. 右键点击pdf_right.pdf，点击将PDF转换为其他格式，点击转换为PPT","1. 调起打开pdfconverter.exe功能正常","1.","","1","功能测试","功能测试阶段","已实现自动化","0","0","1","","王少勃","2022-10-20","王少勃","2022-10-20","1","","",""
"8441","极光PDF阅读器(#20)","/核心用例(#353)","","【windows pdf右键菜单】右键将PDF转换为Excel","重启explorer创建环境，打开right_click_menu文件夹","1. 右键点击pdf_right.pdf，点击将PDF转换为其他格式，点击转换为Excel","1. 调起打开pdfconverter.exe功能正常","1.","","1","功能测试","功能测试阶段","已实现自动化","0","0","1","","王少勃","2022-10-20","王少勃","2022-10-20","1","","",""
"8440","极光PDF阅读器(#20)","/核心用例(#353)","","【windows pdf右键菜单】右键将PDF转换为Excel","重启explorer创建环境，打开right_click_menu文件夹","1. 右键点击pdf_right.pdf，点击将PDF转换为其他格式，点击转换为Excel","1. 调起打开pdfconverter.exe功能正常","1.","","1","功能测试","功能测试阶段","已实现自动化","0","0","1","","王少勃","2022-10-20","王少勃","2022-10-20","1","","",""
"8439","极光PDF阅读器(#20)","/核心用例(#353)","","【windows pdf右键菜单】右键pdf编辑pdf","重启explorer创建环境，打开right_click_menu文件夹","1. 右键点击pdf_right.pdf，点击编辑pdf","1. 调起打开fastpdf.exe且调起编辑正常且打开编辑属性栏正常","1.","","1","功能测试","功能测试阶段","已实现自动化","0","0","1","","王少勃","2022-10-20","王少勃","2022-10-20","1","","",""
"8438","极光PDF阅读器(#20)","/核心用例(#353)","","【windows pdf右键菜单】右键pdf打印","重启explorer创建环境，打开right_click_menu文件夹","1. 右键点击pdf_right.pdf，点击打印","1. 调起打开fastpdf.exe且调起打印正常","1.","","1","功能测试","功能测试阶段","已实现自动化","0","0","1","","王少勃","2022-10-20","王少勃","2022-10-20","1","","",""
"8437","极光PDF阅读器(#20)","/核心用例(#353)","","【windows pdf右键菜单】右键pic转换为pdf","重启explorer创建环境，打开right_click_menu文件夹","1. 右键点击pic_right.jpg，点击转换为PDF","1. 调起打开pdfconverter.exe进行pic转换pdf且转换正常","1.","","1","功能测试","功能测试阶段","已实现自动化","0","0","1","","王少勃","2022-10-20","王少勃","2022-10-20","1","","",""
"8436","极光PDF阅读器(#20)","/核心用例(#353)","","【windows pdf右键菜单】右键word转换为pdf","重启explorer创建环境，打开right_click_menu文件夹","1. 右键点击word_right.docx，点击转换为PDF","1. 调起打开pdfconverter.exe进行word转换pdf且转换正常","1.","","1","功能测试","功能测试阶段","已实现自动化","0","0","1","","王少勃","2022-10-20","王少勃","2022-10-20","1","","",""
"8435","极光PDF阅读器(#20)","/核心用例(#353)","","【windows pdf右键菜单】右键xlsx转换为pdf","重启explorer创建环境，打开right_click_menu文件夹","1. 右键点击xlsx_right.xlsx，点击转换为PDF","1. 调起打开pdfconverter.exe进行pic转换pdf且转换正常","1.","","1","功能测试","功能测试阶段","已实现自动化","0","0","1","","王少勃","2022-10-20","王少勃","2022-10-20","1","","",""
"8434","极光PDF阅读器(#20)","/核心用例(#353)","","【windows pdf右键菜单】右键pic创建pdf","重启explorer创建环境，打开right_click_menu文件夹","1. 右键点击pic_right.jpg，点击创建PDF","1. 调起打开fastpdf.exe进行pic转换pdf且转换内容正常","1.","","1","功能测试","功能测试阶段","已实现自动化","0","0","1","","王少勃","2022-10-20","王少勃","2022-10-20","1","","",""
"8433","极光PDF阅读器(#20)","/核心用例(#353)","","【windows pdf右键菜单】右键word创建pdf","重启explorer创建环境，打开right_click_menu文件夹","1. 右键点击word_right.docx，点击创建PDF","1. 调起打开fastpdf.exe进行word转换pdf且转换内容正常","1.","","1","功能测试","功能测试阶段","已实现自动化","0","0","1","","王少勃","2022-10-20","王少勃","2022-10-20","1","","",""
"8432","极光PDF阅读器(#20)","/核心用例(#353)","","【windows pdf右键菜单】右键xlsx创建pdf","重启explorer创建环境，打开right_click_menu文件夹","1. 右键点击xlsx_right.xlsx，点击创建PDF","1. 调起打开fastpdf.exe进行xlsx转换pdf且转换内容正常","1.","","1","功能测试","功能测试阶段","已实现自动化","0","0","1","","王少勃","2022-10-20","王少勃","2022-10-20","1","","",""
"6047","极光PDF阅读器(#20)","/核心用例(#353)","","【批量打印】批量打印","打开一个PDF文件，进入打印界面","1. 点击批量打印","1. 将左侧打印列表内所有打印一次性打印出来","1.","","1","功能测试","","已实现自动化","0","0","1","","梁智波","2022-02-11","郭滏腾","2022-10-21","1","【批量打印】批量打印(#6016)","",""
"6046","极光PDF阅读器(#20)","/核心用例(#353)","","【批量打印】添加文件","打开一个PDF文件，进入打印界面","1. 点击添加文件按钮，输入有效文件路径（支持多个）","1. 文件被添加到打印列表内","1.","","","功能测试","","已实现自动化","0","0","1","","梁智波","2022-02-11","梁智波","2022-03-28","1","【批量打印】添加文件(#6015)","",""
"6040","极光PDF阅读器(#20)","/核心用例(#353)","","【打印】双面打印","打开一个PDF文件，进入打印界面","1. 勾选双面打印","1. 纸张双面均有打印内容","1.","","","功能测试","","已实现自动化","0","0","1","","梁智波","2022-02-11","郭滏腾","2022-07-27","1","","",""
"6039","极光PDF阅读器(#20)","/核心用例(#353)","","【发票打印】","1.打开一个PDF文件，进入打印界面
2.在打印方式选择发票打印","1. 点击打印","1. 会将左侧打印列表中所有文件当前一个大文件打印出来，每张纸可打印两个页面中间有虚线隔开（页面范围会自动跳转到所有页面上）","1.","","","功能测试","","已实现自动化","0","0","1","","梁智波","2022-02-11","梁智波","2022-03-28","1","【发票打印】(#6008)","",""
"6038","极光PDF阅读器(#20)","/核心用例(#353)","","【小册子】右边装订","1.打开一个PDF文件，进入打印界面
2.在打印方式中选择小册子","1. 点击选中右边装订项
2. 点击打印","1. 
2. 首页正面中尾页在右边，首页在左边","1. 
2.","小册子打印：一张纸包含四个页面，将打印出来的纸张从中间对折后与书本一张。首页正面比较特殊，需要包含一个空白页做尾页","","功能测试","","已实现自动化","0","0","2","","梁智波","2022-02-11","郭滏腾","2022-07-27","1","","",""
"6037","极光PDF阅读器(#20)","/核心用例(#353)","","【小册子】左边装订","1.打开一个PDF文件，进入打印界面
2.在打印方式中选择小册子","1. 点击选中左边装订项
2. 点击打印","1. 
2. 首页正面中尾页在左边，首页在右边","1. 
2.","小册子打印：一张纸包含四个页面，将打印出来的纸张从中间对折后与书本一张。首页正面比较特殊，需要包含一个空白页做尾页","","功能测试","","已实现自动化","0","0","2","","梁智波","2022-02-11","郭滏腾","2022-07-27","1","","",""
"6036","极光PDF阅读器(#20)","/核心用例(#353)","","【小册子】小册子子集","1.打开一个PDF文件，进入打印界面
2.在打印方式中选择小册子","1. 点击小测子子集下拉菜单，选择双面、正面、反面任一项
2. 点击打印","1. 双面：打印所有页面
2. 正面：仅打印双面中正面的内容","1. 
2.","小册子打印：一张纸包含四个页面，将打印出来的纸张从中间对折后与书本一张。首页正面比较特殊，需要包含一个空白页做尾页","","功能测试","","已实现自动化","0","0","2","","梁智波","2022-02-11","梁智波","2022-03-28","1","【小册子】小册子子集(#6005)","",""
"6034","极光PDF阅读器(#20)","/核心用例(#353)","","【一张多页】页面顺序","1.打开一个PDF文件，进入打印界面
2.在打印方式中选择一张多页","1. 点击选中页面顺序四个选项中任一项(横向、横向反序、纵向、纵向反序)","1. 打印出文件的页面顺序根据选项排序","1.","","","功能测试","","已实现自动化","0","0","1","","梁智波","2022-02-11","郭滏腾","2022-07-27","1","","",""
"6033","极光PDF阅读器(#20)","/核心用例(#353)","","【一张多页】每张页数","1.打开一个PDF文件，进入打印界面
2.在打印方式中选择一张多页","1. 点击每张页数下拉菜单，选择菜单中任意值或自定义输入
2. 点击打印","1. 
2. 打印出来的纸张中根据选项一张纸包含多个文件页面(按顺序)","1. 
2.","","","功能测试","","已实现自动化","0","0","2","","梁智波","2022-02-11","郭滏腾","2022-07-27","1","","",""
"6028","极光PDF阅读器(#20)","/核心用例(#353)","","【打印】逆序打印","打开一个PDF文件，进入打印界面","1. 勾选逆序打印勾选框
2. 点击打印","1. 
2. 将当前文件按逆序打印出来","1. 
2.","","","功能测试","","研究中","0","0","2","","梁智波","2022-02-11","郭滏腾","2022-11-30","1","","",""
"6027","极光PDF阅读器(#20)","/核心用例(#353)","","【奇偶页码】偶数页","打开一个PDF文件，进入打印界面","1. 在奇偶页码下拉菜单中选择偶数页
2. 点击打印","1. 
2. 打印出来的文件为页面范围中的偶数页","1. 
2.","若页面范围选择为当前页面或当前视图，则不计算奇偶页","","功能测试","","已实现自动化","0","0","2","","梁智波","2022-02-11","梁智波","2022-03-28","1","【奇偶页码】偶数页(#5996)","",""
"6026","极光PDF阅读器(#20)","/核心用例(#353)","","【奇偶页码】奇数页","打开一个PDF文件，进入打印界面","1. 在奇偶页码下拉菜单中选择奇数页
2. 点击打印","1. 
2. 打印出来的文件为页面范围中的奇数页","1. 
2.","若页面范围选择为当前页面或当前视图，则不计算奇偶页","","功能测试","","已实现自动化","0","0","2","","梁智波","2022-02-11","梁智波","2022-03-28","1","【奇偶页码】奇数页(#5995)","",""
"6025","极光PDF阅读器(#20)","/核心用例(#353)","","【奇偶页码】范围中所有页面","打开一个PDF文件，进入打印界面","1. 在奇偶页码下拉菜单中选择范围中所有页面
2. 点击打印","1. 
2. 打印出来的文件为页面范围中的所有页面","1. 
2.","","","功能测试","","已实现自动化","0","0","2","","梁智波","2022-02-11","梁智波","2022-03-28","1","【奇偶页码】范围中所有页面(#5994)","",""
"6024","极光PDF阅读器(#20)","/核心用例(#353)","","【页面范围】页码选择","打开一个PDF文件，进入打印界面","1. 在页面范围选项里点击页码选择勾选项，在输入内输入有效页码范围
2. 点击打印","1. 
2. 打印出来的文件的页面与输入的页码一直","1. 
2.","","","功能测试","","已实现自动化","0","0","2","","梁智波","2022-02-11","梁智波","2022-03-28","1","【页面范围】页码选择(#5993)","",""
"6023","极光PDF阅读器(#20)","/核心用例(#353)","","【页面范围】当前视图","打开一个PDF文件，进入打印界面","1. 在页面范围选项里点击当前视图勾选项
2. 点击打印","1. 
2. 打印出来的文件为当前预览视图","1. 
2.","","","功能测试","","已实现自动化","0","0","2","","梁智波","2022-02-11","梁智波","2022-03-28","1","【页面范围】当前视图(#5992)","",""
"6022","极光PDF阅读器(#20)","/核心用例(#353)","","【页面范围】所有页面","打开一个PDF文件，进入打印界面","1. 在页面范围选项里点击所有页面勾选项
2. 点击打印","1. 
2. 打印出来的文件为当前文档所有页面","1. 
2.","","","功能测试","","已实现自动化","0","0","2","","梁智波","2022-02-11","梁智波","2022-03-28","1","【页面范围】所有页面(#5991)","",""
"6021","极光PDF阅读器(#20)","/核心用例(#353)","","【页面范围】当前页面","打开一个PDF文件，进入打印界面","1. 在页面范围选项里点击当前页面勾选项
2. 点击打印","1. 
2. 打印出来的文件仅为当前预览页","1. 
2.","","","功能测试","","已实现自动化","0","0","2","","梁智波","2022-02-11","梁智波","2022-03-28","1","【页面范围】当前页面(#5990)","",""
"6017","极光PDF阅读器(#20)","/核心用例(#353)","","【打印】打印机选择","打开一个PDF文件，进入打印界面","1. 点击打印机下拉框选择任一打印机（读取本地打印机设置）
2. 点击打印","1. 
2. 所打印的文件从该打印机输出","1. 
2.","","","功能测试","","已实现自动化","0","0","2","","梁智波","2022-02-11","梁智波","2022-03-28","1","【打印】打印机选择(#5986)","",""
"4815","极光PDF阅读器(#20)","/核心用例(#353)","","【阅读tab页】OCR识别","","1. 同开始tab页","1.","1.","","","功能测试","","已实现自动化","0","0","1","","梁智波","2021-08-23","梁智波","2022-03-28","1","【阅读tab页】OCR识别(#1617)","",""
"4814","极光PDF阅读器(#20)","/核心用例(#353)","","【阅读tab页】幻灯片","","1. 同开始tab页","1.","1.","","","功能测试","","已实现自动化","0","0","1","","梁智波","2021-08-23","梁智波","2022-03-28","1","【阅读tab页】幻灯片(#1616)","",""
"4813","极光PDF阅读器(#20)","/核心用例(#353)","","【阅读tab页】背景","","1. 同开始tab页","1.","1.","","","功能测试","","已实现自动化","0","0","1","","梁智波","2021-08-23","梁智波","2022-03-28","1","【阅读tab页】背景(#1615)","",""
"4812","极光PDF阅读器(#20)","/核心用例(#353)","","【阅读tab页】连续阅读","","1. 1 打开文件后切换到阅读tab页下
2 取消或选中连续阅读按钮","1. 1 取消连续阅读模式则滚动时页与页之间不连续
2 反之选中连续阅读模式则页与页之间连续","1.","","","功能测试","","已实现自动化","0","0","1","","梁智波","2021-08-23","梁智波","2022-03-28","1","【阅读tab页】连续阅读(#1614)","",""
"4811","极光PDF阅读器(#20)","/核心用例(#353)","","【阅读tab页】双页","","1. 1 打开文件后切换到阅读tab页下
2 点击双页按钮","1. 页面展示为双页","1.","","","功能测试","","已实现自动化","0","0","1","","梁智波","2021-08-23","梁智波","2022-03-28","1","【阅读tab页】双页(#1613)","",""
"4810","极光PDF阅读器(#20)","/核心用例(#353)","","【阅读tab页】单页","","1. 1 打开文件后切换到阅读tab页下
2 点击单页按钮","1. 页面展示为单页","1.","","","功能测试","","已实现自动化","0","0","1","","梁智波","2021-08-23","梁智波","2022-03-28","1","【阅读tab页】单页(#1612)","",""
"4809","极光PDF阅读器(#20)","/核心用例(#353)","","【阅读tab页】页数输入","","1. 1 打开文件后切换到阅读tab页下
2 在页数框内输入任意有效页数，按enter键","1. 页面跳转至对应页","1.","","","功能测试","","已实现自动化","0","0","1","","梁智波","2021-08-23","梁智波","2022-03-28","1","【阅读tab页】页数输入(#1611)","",""
"4808","极光PDF阅读器(#20)","/核心用例(#353)","","【阅读tab页】下一页","","1. 1 打开文件后切换到阅读tab页下
2 点击下一页按钮","1. 页面跳转至下一页","1.","","","功能测试","","已实现自动化","0","0","1","","梁智波","2021-08-23","梁智波","2022-03-28","1","【阅读tab页】下一页(#1610)","",""
"4807","极光PDF阅读器(#20)","/核心用例(#353)","","【阅读tab页】上一页","","1. 1 打开文件后切换到阅读tab页下
2 点击上一页按钮","1. 页面跳转至上一页","1.","","","功能测试","","已实现自动化","0","0","1","","梁智波","2021-08-23","梁智波","2022-03-28","1","【阅读tab页】上一页(#1609)","",""
"4806","极光PDF阅读器(#20)","/核心用例(#353)","","【阅读tab页】旋转文档","","1. 1 打开文件后切换到阅读tab页下
2 点击旋转文档按钮","1. 整个文档所有页面被顺时针旋转90°","1.","","","功能测试","","已实现自动化","0","0","1","","梁智波","2021-08-23","梁智波","2022-03-28","1","【阅读tab页】旋转文档(#1608)","",""
"4805","极光PDF阅读器(#20)","/核心用例(#353)","","【阅读tab页】逆时针旋转90°","","1. 1 打开文件后切换到阅读tab页下
2 点击逆时针旋转90°按钮","1. 当前页被逆时针旋转90°","1.","","","功能测试","","已实现自动化","0","0","1","","梁智波","2021-08-23","梁智波","2022-03-28","1","【阅读tab页】逆时针旋转90°(#1607)","",""
"4804","极光PDF阅读器(#20)","/核心用例(#353)","","【阅读tab页】顺时针旋转90°","","1. 1 打开文件后切换到阅读tab页下
2 点击顺时针旋转90°按钮","1. 当前页被顺时针旋转90°","1.","","","功能测试","","已实现自动化","0","0","1","","梁智波","2021-08-23","梁智波","2022-03-28","1","【阅读tab页】顺时针旋转90°(#1606)","",""
"4803","极光PDF阅读器(#20)","/核心用例(#353)","","【阅读tab页】适合宽度","","1. 1 打开文件后切换到阅读tab页下
2 点击适合宽度按钮","1. 页面展示比例调整为适合宽度","1.","","","功能测试","","已实现自动化","0","0","1","","梁智波","2021-08-23","王少勃","2022-09-28","1","【阅读tab页】适合宽度(#1605)","",""
"4802","极光PDF阅读器(#20)","/核心用例(#353)","","【阅读tab页】适合页面","","1. 1 打开文件后切换到阅读tab页下
2 点击适合页面按钮","1. 页面展示比例调整为适合页面","1.","","","功能测试","","已实现自动化","0","0","1","","梁智波","2021-08-23","王少勃","2022-09-28","1","【阅读tab页】适合页面(#1604)","",""
"4801","极光PDF阅读器(#20)","/核心用例(#353)","","【阅读tab页】实际大小","","1. 1 打开文件后切换到阅读tab页下
2 点击实际大小按钮","1. 页面展示比例调整为实际大小值","1.","","","功能测试","","已实现自动化","0","0","1","","梁智波","2021-08-23","梁智波","2022-03-28","1","【阅读tab页】实际大小(#1603)","",""
"4800","极光PDF阅读器(#20)","/核心用例(#353)","","【阅读tab页】页面展示比例设置","","1. 1 打开文件后切换到阅读tab页下
2 点击页面比例“-”、“+”按钮或点击比例下拉菜单，选择菜单中任意一项","1. 页面展示比例被改变","1.","","","功能测试","","已实现自动化","0","0","1","","梁智波","2021-08-23","梁智波","2022-03-28","1","【阅读tab页】页面展示比例设置(#1602)","",""
"4799","极光PDF阅读器(#20)","/核心用例(#353)","","【阅读tab页】全屏模式","","1. 1 打开文件后切换到阅读tab页下
2 点击全屏模式按钮","1. 进入全屏模式","1.","","","功能测试","","已实现自动化","0","0","1","","梁智波","2021-08-23","梁智波","2022-03-28","1","【阅读tab页】全屏模式(#1601)","",""
"4798","极光PDF阅读器(#20)","/核心用例(#353)","","【阅读tab页】编辑模式","","1. 1 打开文件后切换到阅读tab页下
2 点击编辑模式按钮","1. tab页切换至编辑，进入编辑模式","1.","","","功能测试","","已实现自动化","0","0","1","","梁智波","2021-08-23","梁智波","2022-03-28","1","【阅读tab页】编辑模式(#1600)","",""
"4797","极光PDF阅读器(#20)","/核心用例(#353)","","【阅读tab页】阅读模式","","1. 1 打开文件后切换到阅读tab页下
2 点击阅读模式按钮","1. 进入阅读模式，收起上方工具栏","1.","","","功能测试","","已实现自动化","0","0","1","","梁智波","2021-08-23","梁智波","2022-03-28","2","【阅读tab页】阅读模式(#1599)","",""
"4796","极光PDF阅读器(#20)","/核心用例(#353)","","【开始tab页】页面编辑","","1. 打开一个PDF文件
2. 点击开始tab页下页面编辑按钮","1. tab页跳转到页面，进入页面编辑模式
2.","1. 
2.","","3","功能测试","","已实现自动化","0","0","2","","梁智波","2021-11-02","梁智波","2022-03-28","1","【开始tab页】页面编辑(#2553)","",""
"4795","极光PDF阅读器(#20)","/核心用例(#353)","","【开始tab页】水印","","1. 打开一个PDF文件
2. 点击开始tab页下水印下拉菜单","1. 水印下拉菜单被展开，可快捷进行水印编辑操作
2.","1. 
2.","","3","功能测试","","已实现自动化","0","0","2","","梁智波","2021-11-02","梁智波","2022-03-28","1","【开始tab页】水印(#2552)","",""
"4794","极光PDF阅读器(#20)","/核心用例(#353)","","【开始tab页】插入图片","","1. 打开一个PDF文件
2. 点击开始tab页下插入图片按钮
3. 输入有效图片文件路径点击确定","1. 图片被添加到页面上
2. 
3.","1. 
2. 
3.","","3","功能测试","","已实现自动化","0","0","3","","梁智波","2021-11-02","梁智波","2022-03-28","1","【开始tab页】插入图片(#2551)","",""
"4793","极光PDF阅读器(#20)","/核心用例(#353)","","【开始tab页】搜索文字","","1. 打开一个文件后，点击搜索文字按钮","1. 展开搜索侧边栏","1.","","","功能测试","","已实现自动化","0","0","1","","梁智波","2021-08-23","梁智波","2022-03-28","1","【开始tab页】搜索文字(#1598)","",""
"4792","极光PDF阅读器(#20)","/核心用例(#353)","","【开始tab页】OCR识别","","1. 打开一个文件后，点击OCR识别按钮","1. 调起ocr识别界面，并将当前页面添加到识别框中","1.","","","功能测试","","已实现自动化","0","0","1","","梁智波","2021-08-23","梁智波","2022-03-28","1","【开始tab页】OCR识别(#1597)","",""
"4791","极光PDF阅读器(#20)","/核心用例(#353)","","【开始tab页】幻灯片","","1. 打开一个文件后，点击幻灯片按钮","1. 进入幻灯片模式","1.","","","功能测试","","已实现自动化","0","0","1","","梁智波","2021-08-23","梁智波","2022-03-28","1","【开始tab页】幻灯片(#1596)","",""
"4790","极光PDF阅读器(#20)","/核心用例(#353)","","【开始tab页】背景","","1. 1 打开一个文件后，点击背景下拉菜单
2 选中任意背景色","1. 文档的阅读背景被更换成选中的背景色","1.","","","功能测试","","已实现自动化","0","0","1","","梁智波","2021-08-23","梁智波","2022-03-28","1","【开始tab页】背景(#1595)","",""
"4789","极光PDF阅读器(#20)","/核心用例(#353)","","【开始tab页】编辑","","1. 打开一个文件后，点击编辑模式按钮","1. tab页跳转至编辑，进入编辑模式","1.","","","功能测试","","已实现自动化","0","0","1","","梁智波","2021-08-23","梁智波","2022-03-28","1","【开始tab页】编辑(#1594)","",""
"4788","极光PDF阅读器(#20)","/核心用例(#353)","","【开始tab页】打印","","1. 打开一个文件后，点击打印按钮","1. 调起打印界面","1.","","","功能测试","","已实现自动化","0","0","1","","梁智波","2021-08-23","梁智波","2022-03-28","1","【开始tab页】打印(#1592)","",""
"4787","极光PDF阅读器(#20)","/核心用例(#353)","","【开始tab页】打开","","1. 1 点击打开按钮
2 输入有效文件路径确定","1. 文件在阅读器内打开","1.","","","功能测试","","已实现自动化","0","0","1","","梁智波","2021-08-23","梁智波","2022-03-28","1","【开始tab页】打开(#1591)","",""
"4786","极光PDF阅读器(#20)","/核心用例(#353)","","【悬浮工具框】","","1. 1 进入编辑模式
2 当选中文本后，在鼠标最后停留位置的右上方出现悬浮工具框(若鼠标移动超过一定像素悬浮框会自动消失)
3 可对文本进行字体、字号、加粗、倾斜、格式刷等操作","1. 功能与上述一致","1.","","","功能测试","","已实现自动化","0","0","1","","梁智波","2021-11-09","王少勃","2022-09-28","1","【悬浮工具框】(#2708)","",""
"4764","极光PDF阅读器(#20)","/核心用例(#353)","","【智能识别模式】行优先","","1. 1 进入编辑模式
2 点击选中右侧属性栏里的行优先按钮","1. 每行文本都会被识别成一个文本框","1.","","","功能测试","","正常","0","0","1","","梁智波","2021-11-09","","0000-00-00","1","","",""
"4763","极光PDF阅读器(#20)","/核心用例(#353)","","【智能识别模式】段落模式","","1. 1 进入编辑模式
2 点击选中右侧属性栏里的段落模式按钮","1. 文本以段落形式被识别形成文本框","1.","","","功能测试","","正常","0","0","1","","梁智波","2021-11-09","","0000-00-00","1","","",""
"4762","极光PDF阅读器(#20)","/核心用例(#353)","","【编辑内容】文本框删除","","1. 1 进入编辑模式
2 按住ctrl+鼠标左键选中文本框(支持多选)
3 按下键盘delete键","1. 文本框被删除","1.","","","功能测试","","已实现自动化","0","0","1","","梁智波","2021-11-09","王少勃","2022-09-28","1","【编辑内容】文本框删除(#2684)","",""
"4761","极光PDF阅读器(#20)","/核心用例(#353)","","【编辑内容】文本框复制粘贴","","1. 1 进入编辑模式
2 按住ctrl+鼠标左键选中文本框(支持多选)
3 使用快捷键ctrl+c复制到文本框后鼠标点击页面内任意位置，再使用快捷键ctrl+v","1. 文本框被复制粘贴到页面上(支持跨文档)","1.","","","功能测试","","已实现自动化","0","0","1","","梁智波","2021-11-09","王少勃","2022-09-28","2","【编辑内容】文本框复制粘贴(#2683)","",""
"4757","极光PDF阅读器(#20)","/核心用例(#353)","","【编辑内容】文本复制","","1. 1 进入编辑模式
2 选中文本框内任意文本
3 按下快捷键ctrl+c","1. 当前选中文本被复制到粘贴板内","1.","","","功能测试","","已实现自动化","0","0","1","","梁智波","2021-11-09","王少勃","2022-09-28","1","【编辑内容】文本复制(#2679)","",""
"4756","极光PDF阅读器(#20)","/核心用例(#353)","","【编辑内容】文本编辑","","1. 1 进入编辑模式
2 对文本框内的文本进行增删改操作并保存","1. 相应的文本内容发生更改","1.","(若在原有文本后输入，新添加的文字会自动获取前面文本的字体属性)","","功能测试","","已实现自动化","0","0","1","","梁智波","2021-11-09","王少勃","2022-09-28","1","【编辑内容】文本编辑(#2678)","",""
"4755","极光PDF阅读器(#20)","/核心用例(#353)","","【编辑内容】功能描述","","1. 1 进入编辑模式
2 可以对页面内识别到的文本内容、矢量等进行编辑","1.","1.","","","功能测试","","已实现自动化","0","0","1","","梁智波","2021-11-09","王少勃","2022-09-28","1","【编辑内容】功能描述(#2677)","",""
"4754","极光PDF阅读器(#20)","/核心用例(#353)","","【编辑内容】功能入口","","1. 1 打开一个PDF文件
2 切换至编辑tab","1. 工具tab切换到编辑，并进入编辑模式","1.","","","功能测试","","已实现自动化","0","0","1","","梁智波","2021-11-09","郭滏腾","2022-07-27","1","","",""
"4753","极光PDF阅读器(#20)","/核心用例(#353)","","【编辑】复制粘贴图片(快捷)","","1. 1.打开一个PDF文件
2.使用快捷键复制到一张图片后，切换页面使用粘贴快捷键
2. 1.在阅读器外部复制一张图片
2.打开阅读器打开一个PDF文件，点击页面按粘贴快捷键(Ctrl+V)
3. 1.打开两个PDF文件
2.在其中一个PDF文件夹内使用快捷键(Ctrl+C)复制一张图片
3.在另外一个文件中使用快捷键粘贴(Ctrl+V)
4. 1.打开一个PDF文件并复制到一张图片
2.使用粘贴快捷键粘贴到外部程序中(暂不支持粘贴成电脑文件)","1. 图片被粘贴到该文件的其他位置上
2. 图片被粘贴到PDF文件内，位置为鼠标箭头所在的位置
3. 图片被粘贴到另一个文件内
4. 图片被粘贴进外部程序中","1. 
2. 
3. 
4.","*若第三步时鼠标不点击其他位置支持粘贴，在会粘贴在当前图片右下方距离(10px)的地方上","3","功能测试","","已实现自动化","0","0","4","","梁智波","2021-11-03","郭滏腾","2022-11-30","3","【编辑】复制粘贴图片(快捷)(#2567)","",""
"4752","极光PDF阅读器(#20)","/核心用例(#353)","","【编辑】删除图片(快捷)","","1. 打开一个PDF文件后，选中页面内任一图片
2. 点击键盘上delete键","1. 选中图片被删除
2.","1. 
2.","","3","功能测试","","已实现自动化","0","0","2","","梁智波","2021-11-03","王少勃","2022-09-28","1","【编辑】删除图片(快捷)(#2566)","",""
"4751","极光PDF阅读器(#20)","/核心用例(#353)","","【编辑】改变图片大小","","1. 打开一个PDF文件后，选中页面内任一图片
2. 通过拖拽改变图片边框大小","1. 图片大小随边框发生更改
2.","1. 
2.","","3","功能测试","","已实现自动化","0","0","2","","梁智波","2021-11-03","王少勃","2022-09-28","1","【编辑】改变图片大小(#2565)","",""
"4750","极光PDF阅读器(#20)","/核心用例(#353)","","【编辑】旋转图片","","1. 打开一个PDF文件后，选中页面内任一图片
2. 按住图片边框上方的旋转按钮，旋转任意角度后松开","1. 图片被旋转
2.","1. 
2.","","3","功能测试","","已实现自动化","0","0","2","","梁智波","2021-11-03","王少勃","2022-09-28","1","【编辑】旋转图片(#2564)","",""
"4749","极光PDF阅读器(#20)","/核心用例(#353)","","【编辑】拖拽图片","","1. 打开一个PDF文件后，选中页面内任一图片
2. 按住鼠标左键，然后移动鼠标到其他位置上，松开鼠标左键","1. 图片被拖拽至松开鼠标左键的地方(不支持跨页面)
2.","1. 
2.","","3","功能测试","","已实现自动化","0","0","2","","梁智波","2021-11-03","王少勃","2022-09-28","2","【编辑】拖拽图片(#2563)","",""
"4748","极光PDF阅读器(#20)","/核心用例(#353)","","【悬浮菜单】裁剪图片","","1. 打开一个PDF文件后，选中页面内任一图片
2. 点击悬浮菜单上的“裁剪图片”
3. 出现裁剪框后，改变裁剪框大小，点击√","1. 图片被裁剪成裁剪框大小
2. 
3.","1. 
2. 
3.","","3","功能测试","","已实现自动化","0","0","3","","梁智波","2021-11-03","王少勃","2022-09-28","1","【悬浮菜单】裁剪图片(#2562)","",""
"4747","极光PDF阅读器(#20)","/核心用例(#353)","","其他入口","","1. 1 文件菜单会根据当前文件是否加密的情况，分别展示加密并保存/解密并保存菜单
2 点击对应菜单","1. 调起对应加密或解密解密","1.","","","功能测试","","已实现自动化","0","0","1","","梁智波","2021-11-02","王少勃","2022-09-28","1","其他入口(#2561)","",""
"4746","极光PDF阅读器(#20)","/核心用例(#353)","","功能逻辑","","1. 1 在加解密过程中，采取的逻辑是先加解密后保存
2 若当前文件被占用，虽然提示保存失败，但实际上已对文件进行加解密处于，后续如果文件再触发保存操作时，加解密操作仍然生效","1.","1.","","","功能测试","","已实现自动化","0","2","1","通过","梁智波","2021-11-02","王少勃","2022-10-21","1","","",""
"4745","极光PDF阅读器(#20)","/核心用例(#353)","","文档被占用中","","1. 若在加解密过程中(覆盖原文件)，文件处于被占用的状态","1. 弹出提示框告知文件被占用中，另存为或先关闭占用程序","1.","","","功能测试","","已实现自动化","0","2","1","通过","梁智波","2021-11-02","王少勃","2022-10-21","1","","",""
"4744","极光PDF阅读器(#20)","/核心用例(#353)","","【文件解密】文件解密(不覆盖原文件)","","1. 1 打开一个加密PDF文件，切换到保护tab下
2 点击解除密码
3 弹出文档解密提示框后取消点解密后覆盖原文件勾选后点击确定
4 在另存为界面输入文件后点击保存","1. 新文件被加密并保存，原文件不受影响","1.","","","功能测试","","已实现自动化","0","0","1","","梁智波","2021-11-02","梁智波","2022-04-07","1","【文件解密】文件解密(不覆盖原文件)(#2558)","",""
"4743","极光PDF阅读器(#20)","/核心用例(#353)","","【文件解密】文件解密(覆盖原文件)","","1. 1 打开一个加密PDF文件，切换到保护tab下
2 点击解除密码
3 弹出文档解密提示框后点击确定","1. 文件被解密并保存","1.","","","功能测试","","已实现自动化","0","0","1","","梁智波","2021-11-02","梁智波","2022-03-28","1","【文件解密】文件解密(覆盖原文件)(#2557)","",""
"4742","极光PDF阅读器(#20)","/核心用例(#353)","","【文件加密】文件加密(不覆盖原文件)","","1. 1 打开一个PDF文件，切换到保护tab下
2 点击文档加密按钮
3 在文档加密界面取消加密后覆盖原文件勾选
4 输入密码后点击确定
5 在另存为界面输入文件名后点击保存","1. 新文件被加密并保存，原文件不受影响","1.","","","功能测试","","已实现自动化","0","0","1","","梁智波","2021-11-02","梁智波","2022-04-07","1","【文件加密】文件加密(不覆盖原文件)(#2556)","",""
"4741","极光PDF阅读器(#20)","/核心用例(#353)","","【文件加密】文件加密(覆盖原文件)","","1. 1 打开一个PDF文件，切换到保护tab下
2 点击文档加密按钮
3 在文档加密界面输入密码后点击确定","1. 文件被加密并已保存","1.","","","功能测试","","已实现自动化","0","0","1","","梁智波","2021-11-02","郭滏腾","2022-07-27","1","【文件加密】文件加密(覆盖原文件)(#2555)","",""
"4739","极光PDF阅读器(#20)","/核心用例(#353)","","【页面编辑】插入图片文件","打开一个PDF文件","1. 切换到页面tab页，点击插入页面下拉菜单
2. 点击插入图片文件菜单
3. 输入图片路径，点击确定","1. 图片以页面形式添加到PDF文件中
2. 
3.","1. 
2. 
3.","","3","功能测试","","已实现自动化","0","0","3","","梁智波","2021-11-02","梁智波","2022-03-28","1","【页面编辑】插入图片文件(#2549)","",""
"4738","极光PDF阅读器(#20)","/核心用例(#353)","","【页面大小】应用范围-自定义","","1. 1 打开页面大小编辑界面后
2 选中自定义后，根据一定逻辑输入页面范围后，点击确定(例如：1,3,5-9)","1. 自定义页面大小被修改","1.","","","功能测试","","已实现自动化","0","0","1","","梁智波","2021-09-09","王少勃","2022-09-28","1","【页面大小】应用范围-自定义(#2387)","",""
"4737","极光PDF阅读器(#20)","/核心用例(#353)","","【页面大小】应用范围-当前选中页","","1. 1 从页面tab页下入口打开页面大小编辑界面
2 选中当前选中页，点击确定(该入口仅限该方法进入)","1. 当前选中页面大小被修改","1.","","","功能测试","","已实现自动化","0","0","1","","梁智波","2021-09-09","王少勃","2022-09-28","1","【页面大小】应用范围-当前选中页(#2386)","",""
"4736","极光PDF阅读器(#20)","/核心用例(#353)","","【页面大小】应用范围-所有页面","","1. 1 打开页面大小编辑界面后
2 选中所有页面后，点击确定","1. 文件所有页面大小均被修改","1.","","","功能测试","","已实现自动化","0","0","1","","梁智波","2021-09-09","王少勃","2022-09-28","1","【页面大小】应用范围-所有页面(#2385)","",""
"4735","极光PDF阅读器(#20)","/核心用例(#353)","","【页面大小】调整尺寸-自定义","","1. 1 打开页面大小编辑界面后
2 选中自定义选项后，可手动输入任意尺寸(只允许输入大于0的正整数)","1. 页面大小根据对应尺寸更改","1.","","","功能测试","","已实现自动化","0","0","1","","梁智波","2021-09-09","王少勃","2022-09-28","1","【页面大小】调整尺寸-自定义(#2384)","",""
"4734","极光PDF阅读器(#20)","/核心用例(#353)","","【页面大小】调整尺寸-标准尺寸","","1. 1 打开页面大小编辑界面后
2 提供A0-A5，B0-B5的标准尺寸可修改","1. 页面大小根据对应尺寸更改","1.","","","功能测试","","已实现自动化","0","0","1","","梁智波","2021-09-09","王少勃","2022-09-28","1","【页面大小】调整尺寸-标准尺寸(#2383)","",""
"4733","极光PDF阅读器(#20)","/核心用例(#353)","","【页面大小】预览界面","","1. 打开页面大小编辑界面","1. 界面上描述修改前、后尺寸，以及图像展示(预览图不可点击放大)","1.","","","功能测试","","已实现自动化","0","0","1","","梁智波","2021-09-09","王少勃","2022-09-28","1","【页面大小】预览界面(#2382)","",""
"4732","极光PDF阅读器(#20)","/核心用例(#353)","","【页面大小】功能入口2","","1. 1 打开PDF文件
2 切换至页面tab下
3 点击页面大小按钮","1. 打开页面大小编辑界面","1.","","","功能测试","","已实现自动化","0","0","1","","梁智波","2021-09-09","王少勃","2022-09-28","1","【页面大小】功能入口2(#2381)","",""
"4731","极光PDF阅读器(#20)","/核心用例(#353)","","【页面大小】功能入口1","","1. 1 打开PDF文件
2 切换至编辑tab下
3 点击页面大小按钮","1. 打开页面大小编辑界面","1.","","","功能测试","","已实现自动化","0","0","1","","梁智波","2021-09-09","王少勃","2022-09-28","1","【页面大小】功能入口1(#2380)","",""
"4730","极光PDF阅读器(#20)","/核心用例(#353)","","【页面大小】功能描述","","","","","","","功能测试","","已实现自动化","0","0","0","","梁智波","2021-09-09","王少勃","2022-09-28","1","【页面大小】功能描述(#2379)","",""
"4729","极光PDF阅读器(#20)","/核心用例(#353)","","【擦除】功能入口3","","1. 1 打开一个PDF文件
2 从空白处开始使用鼠标绘制一个虚线框
3 点击悬浮菜单中的擦除选区","1. 1、无颜色擦除，对于文字和注释，直接删除，该方式不添加色块，对于图片，若相交，则使用白色填充图片，对于矢量图形则使用白色色块遮盖。
2、有颜色擦除，对于文字和注释，直接删除并添加色块，对于图片，若相交，则使用该颜色填充图片并添加色块，对于矢量图形则使用该颜色的色块遮盖。","1.","","","功能测试","","已实现自动化","0","0","1","","梁智波","2021-09-09","王少勃","2022-09-28","2","【擦除】功能入口3(#2378)","",""
"4728","极光PDF阅读器(#20)","/核心用例(#353)","","【擦除】功能入口2","","1. 1 打开一个PDF文件
2 选中页面内容上任意文字
3 点击悬浮菜单中的擦除","1. 1 功能同上
2 工具栏tab页切换至编辑，并选中擦除按钮","1.","","","功能测试","","已实现自动化","0","0","1","","梁智波","2021-09-09","王少勃","2022-09-28","1","【擦除】功能入口2(#2377)","",""
"4727","极光PDF阅读器(#20)","/核心用例(#353)","","【擦除】功能入口1","","1. 1 打开一个PDF文件
2 切换到编辑页签下选中擦除按钮
3 使用鼠标在页面上绘制任意图形框","1. 	1、无颜色擦除，对于文字和注释，直接删除，该方式不添加色块，对于图片，若相交，则使用白色填充图片，对于矢量图形则使用白色色块遮盖。
2、有颜色擦除，对于文字和注释，直接删除并添加色块，对于图片，若相交，则使用该颜色填充图片并添加色块，对于矢量图形则使用该颜色的色块遮盖。","1.","","","功能测试","","已实现自动化","0","0","1","","梁智波","2021-09-09","王少勃","2022-09-28","2","【擦除】功能入口1(#2376)","",""
"4726","极光PDF阅读器(#20)","/核心用例(#353)","","【擦除】功能描述","","1. 1 选中编辑页签下擦除按钮
2 在页面内容区域上绘制任意大小图形框","1. 1、无颜色擦除，对于文字和注释，直接删除，该方式不添加色块，对于图片，若相交，则使用白色填充图片，对于矢量图形则使用白色色块遮盖。
2、有颜色擦除，对于文字和注释，直接删除并添加色块，对于图片，若相交，则使用该颜色填充图片并添加色块，对于矢量图形则使用该颜色的色块遮盖。","1.","","","功能测试","","已实现自动化","0","0","1","","梁智波","2021-09-09","王少勃","2022-09-28","2","【擦除】功能描述(#2375)","",""
"4725","极光PDF阅读器(#20)","/核心用例(#353)","","【页面编辑】其他功能入口2","","1. 打开PDF文件，在阅读模式下，展开缩略图侧边栏
2. 点击选定任一页面拖拽(页面拖拽)
3. 右键点击缩略图调起右键菜单，菜单项：插入空白页面、插入文件、删除页面、提取页面、放大、缩小","1. 功能逻辑同上
2. 
3.","1. 
2. 
3.","","","功能测试","","已实现自动化","0","0","3","","梁智波","2021-09-03","王少勃","2022-09-28","2","【页面编辑】其他功能入口2(#2225)","",""
"4724","极光PDF阅读器(#20)","/核心用例(#353)","","【页面编辑】其他功能入口1","","1. 打开PDF文件后
2. 在阅读模式下，右键点击调起菜单项
3. 点击菜单项中的插入页面、删除页面","1. 功能逻辑同上
2. 
3.","1. 
2. 
3.","","","功能测试","","已实现自动化","0","0","3","","梁智波","2021-09-03","王少勃","2022-09-28","2","【页面编辑】其他功能入口1(#2224)","",""
"4723","极光PDF阅读器(#20)","/核心用例(#353)","","【页面编辑】右键菜单","","1. 在任意页面上右键点击会调起右键菜单（复制、粘贴、插入空白页、插入文件、删除页面、提取页面、放大、缩小、打印）
2. 点击任一菜单","1. 功能逻辑同上
2.","1. 
2.","","","功能测试","","已实现自动化","0","0","2","","梁智波","2021-09-03","王少勃","2022-09-28","2","【页面编辑】右键菜单(#2223)","",""
"4722","极光PDF阅读器(#20)","/核心用例(#353)","","【页面编辑】悬浮菜单","","1. 鼠标悬浮到页面上出现悬浮菜单(顺时针旋转90°、逆时针旋转90°、删除页面、插入空白页、插入文件)
2. 点击任一菜单","1. 功能逻辑同上
2.","1. 
2.","","","功能测试","","已实现自动化","0","0","2","","梁智波","2021-09-03","王少勃","2022-09-28","2","【页面编辑】悬浮菜单(#2222)","",""
"4721","极光PDF阅读器(#20)","/核心用例(#353)","","【页面编辑】打印","","1. 选中任意页面后，在任一选中页面上右键点击，调起右键菜单
2.  点击右键菜单中打印项","1. 调起打印界面并将当前文件添加到打印列表内
2.","1. 
2.","","","功能测试","","已实现自动化","0","0","2","","梁智波","2021-09-03","王少勃","2022-09-28","2","【页面编辑】打印(#2221)","",""
"4720","极光PDF阅读器(#20)","/核心用例(#353)","","【页面编辑】缩小","","1. 选中任意页面后，在任一选中页面上右键点击，调起右键菜单
2. 点击右键菜单中缩小项","1. 页面界面缩略图被缩小
2.","1. 
2.","","","功能测试","","正常","0","0","2","","梁智波","2021-09-03","梁智波","2021-11-02","2","","",""
"4719","极光PDF阅读器(#20)","/核心用例(#353)","","【页面编辑】放大","","1. 选中任意页面后，在任一选中页面上右键点击，调起右键菜单
2. 点击右键菜单中放大项","1. 页面界面缩略图被放大
2.","1. 
2.","","","功能测试","","正常","0","0","2","","梁智波","2021-09-03","梁智波","2021-11-02","2","","",""
"4718","极光PDF阅读器(#20)","/核心用例(#353)","","【页面编辑】复制、粘贴页面","","1. 选中任意页面后，在任一选中页面上右键点击，调起右键菜单
2. 点击右键菜单中复制项
3. 在任意页面或页面间的空白处右键点击调起菜单项
4. 点击右键菜单中粘贴项","1. 完成页面复制，并粘贴到对应位置上
2. 
3. 
4.","1. 
2. 
3. 
4.","","","功能测试","","正常","0","0","4","","梁智波","2021-09-03","梁智波","2021-11-02","2","","",""
"4716","极光PDF阅读器(#20)","/核心用例(#353)","","【页面编辑】旋转文档","","1. 点击工具栏上旋转文档按钮","1. 所有页面被顺时针旋转90°","1.","","","功能测试","","已实现自动化","0","0","1","","梁智波","2021-09-03","梁智波","2022-03-28","1","【页面编辑】旋转文档(#2216)","",""
"4715","极光PDF阅读器(#20)","/核心用例(#353)","","【页面编辑】顺时针旋转90°","","1. 选中任意页面后，点击工具栏上顺时针按钮","1. 选中页面被顺时针旋转90°","1.","","","功能测试","","已实现自动化","0","0","1","","梁智波","2021-09-03","梁智波","2022-03-28","1","【页面编辑】顺时针旋转90°(#2215)","",""
"4714","极光PDF阅读器(#20)","/核心用例(#353)","","【页面编辑】逆时针旋转90°","","1. 选中任意页面后，点击工具栏上逆时针按钮","1. 选中页面被逆时针旋转90°","1.","","","功能测试","","已实现自动化","0","0","1","","梁智波","2021-09-03","梁智波","2022-03-28","1","【页面编辑】逆时针旋转90°(#2214)","",""
"4712","极光PDF阅读器(#20)","/核心用例(#353)","","【页面编辑】选中页面展示","","1. 选中任意页面","1. 工具栏上页面筛选框会根据一定规则展示出来","1.","","","功能测试","","正常","0","0","1","","梁智波","2021-09-03","","0000-00-00","1","","",""
"4711","极光PDF阅读器(#20)","/核心用例(#353)","","【页面编辑】删除页面","","1. 在页面编辑界面内选中任意页面
2. 点击工具栏上删除页面按钮","1. 所选中页面被删除掉(仅剩一个页面时，删除页面按钮被屏蔽)
2.","1. 
2.","","","功能测试","","已实现自动化","0","0","2","","梁智波","2021-09-03","梁智波","2022-03-28","2","【页面编辑】删除页面(#2211)","",""
"4710","极光PDF阅读器(#20)","/核心用例(#353)","","【页面编辑】插入文件","","1. 点击插入页面下拉菜单中的插入文件项
2. 输入任意有效PDF文件路径，点击打开(O)","1. 在当前选中的页面后面添加该PDF文件
2.","1. 
2.","","","功能测试","","已实现自动化","0","0","2","","梁智波","2021-09-03","梁智波","2022-03-28","2","【页面编辑】插入文件(#2210)","",""
"4709","极光PDF阅读器(#20)","/核心用例(#353)","","【页面编辑】插入空白页","","1. 点击工具栏上插入空白页按钮","1. 在当前选中的页面后面添加一个全新的空白页面(若选中多个页面则为首个)","1.","","","功能测试","","已实现自动化","0","0","1","","梁智波","2021-09-03","梁智波","2022-03-28","1","【页面编辑】插入空白页(#2209)","",""
"4708","极光PDF阅读器(#20)","/核心用例(#353)","","【页面编辑】提取页面","","1. 在页面编辑界面内选中任意页面
2. 点击工具栏上提取页面按钮
3. 输入文件名后点击保存","1. 所选中页面提取成一个PDF文件并打开
2. 
3.","1. 
2. 
3.","","","功能测试","","已实现自动化","0","0","3","","梁智波","2021-09-03","梁智波","2022-03-28","2","【页面编辑】提取页面(#2208)","",""
"4707","极光PDF阅读器(#20)","/核心用例(#353)","","【页面编辑】进入页面编辑模式","","1. 1 打开PDF文件
2 切换至页面tab页","1. 进入页面编辑界面","1.","","","功能测试","","已实现自动化","0","0","1","","梁智波","2021-09-03","梁智波","2022-03-28","1","【页面编辑】进入页面编辑模式(#2207)","",""
"4706","极光PDF阅读器(#20)","/核心用例(#353)","","【页码】删除页码","","1. 1 打开PDF文件后
2 点击删除页码按钮，弹出提示窗提示用户是否删除
3 点击删除","1. 页面上由该阅读器添加的页码均被删除","1.","","","功能测试","","已实现自动化","0","0","1","","梁智波","2021-09-02","郭滏腾","2022-07-27","1","","",""
"4705","极光PDF阅读器(#20)","/核心用例(#353)","","【页码】更新页码","","1. 1 打开PDF文件后
2 点击插入页码按钮弹出更新弹窗(窗口基本功能同插入页码)
3 设置任意条件后点击更新页码按钮","1. 除本次更新的页码，其余位置上所有由该阅读器添加的页码都会被清除","1.","","","功能测试","","已实现自动化","0","0","1","","梁智波","2021-09-02","郭滏腾","2022-07-27","1","","",""
"4704","极光PDF阅读器(#20)","/核心用例(#353)","","【页码】【插入页码】功能逻辑","","1. 若当前插入位置已有使用我们阅读器插入的页码","1. 会将原来的页码覆盖掉","1.","","","功能测试","","已实现自动化","0","0","1","","梁智波","2021-09-02","王少勃","2022-09-28","1","【页码】【插入页码】功能逻辑(#2153)","",""
"4703","极光PDF阅读器(#20)","/核心用例(#353)","","【页码】【插入页码】预览窗口","","1. 1 打开插入页码弹窗后
2 下方带有预览窗口","1. 改变任意条件都可在窗口预览","1.","","","功能测试","","已实现自动化","0","0","1","","梁智波","2021-09-02","王少勃","2022-10-21","1","","",""
"4702","极光PDF阅读器(#20)","/核心用例(#353)","","【页码】【插入页码】应用范围","","1. 1 打开插入页码弹窗后
2 根据需要可选择：全部页码、从当前页面开始、仅当前页面等三种应用范围
3 选择任一应用范围后插入页码","1. 页码只被添加到对应的页面上","1.","","","功能测试","","已实现自动化","0","0","1","","梁智波","2021-09-02","王少勃","2022-10-21","1","","",""
"4699","极光PDF阅读器(#20)","/核心用例(#353)","","【页码】【插入页码】页码样式","","1. 1 打开插入页码弹窗后
2 根据需要可选择：1,2,3..、第1/X页、1/X、第1页、第1页，共X页等五种页码样式
3 选择任一样式后插入页码","1. 对应样式页码被插入到文件页面中","1.","","","功能测试","","已实现自动化","0","0","1","","梁智波","2021-09-02","王少勃","2022-10-21","1","","",""
"4698","极光PDF阅读器(#20)","/核心用例(#353)","","【页码】【插入页码】页码位置","","1. 1 打开插入页码弹窗后
2 根据需要可选择：顶部左侧、顶部居中、顶部右侧、底部左侧、底部居中、底部右侧等六个页码插入位置
3 选择任一位置后插入页码","1. 页码插入到对应的位置中","1.","","","功能测试","","已实现自动化","0","0","1","","梁智波","2021-09-02","王少勃","2022-10-21","1","","",""
"4697","极光PDF阅读器(#20)","/核心用例(#353)","","【页码】插入页码","","1. 1 打开PDF文件后
2 点击插入页码按钮弹出插入页码弹窗
3 设置任意条件后点击插入页码按钮","1. 页码插入到文件页面对应的位置中","1.","","","功能测试","","已实现自动化","0","0","1","","梁智波","2021-09-02","郭滏腾","2022-07-27","1","","",""
"4696","极光PDF阅读器(#20)","/核心用例(#353)","","【页码】功能入口","","1. 1 打开PDF文件
2 切换至编辑页签下
3 点击插入页码按钮或页码下拉菜单","1.","1.","","","功能测试","","已实现自动化","0","0","1","","梁智波","2021-09-02","郭滏腾","2022-07-27","1","","",""
"4695","极光PDF阅读器(#20)","/核心用例(#353)","","【悬浮菜单】提取图片文字","","1. 打开一个PDF文件后，选中页面内任一图片
2. 点击悬浮菜单中的提取图片文字","1. 调起OCR识别窗口并将当前图片添加进去
2.","1. 
2.","","","功能测试","","已实现自动化","0","0","2","","梁智波","2021-08-12","郭滏腾","2022-07-27","2","","",""
"4694","极光PDF阅读器(#20)","/核心用例(#353)","","【悬浮菜单】提取图片","","1. 打开一个PDF文件，选中页面内任一图片
2. 点击悬浮菜单中的提取图片
3. 输入有效路径点击保存","1. 当前选中图片被保存到该路径下
2. 
3.","1. 
2. 
3.","","","功能测试","","已实现自动化","0","0","3","","梁智波","2021-08-12","王少勃","2022-09-28","2","【悬浮菜单】提取图片(#1209)","",""
"4693","极光PDF阅读器(#20)","/核心用例(#353)","","【图片右键菜单】置于底层","","1. 1 选中一张图片后，右键点击该图片
2 出现右键菜单后点击置于底层","1. 当前图片被置于当前页面底层","1.","","","功能测试","","正常","0","0","1","","梁智波","2021-08-12","梁智波","2021-11-03","1","","",""
"4692","极光PDF阅读器(#20)","/核心用例(#353)","","【图片右键菜单】置于顶层","","1. 1 选中一张图片后，右键点击该图片
2 出现右键菜单后点击置于顶层","1. 当前图片被置于当前页面顶层","1.","","","功能测试","","正常","0","0","1","","梁智波","2021-08-12","梁智波","2021-11-03","1","","",""
"4691","极光PDF阅读器(#20)","/核心用例(#353)","","【图片右键菜单】下移一层","","1. 1 选中一张图片后，右键点击该图片
2 出现右键菜单后点击下移一层","1. 当前图片被下移一层","1.","","","功能测试","","正常","0","0","1","","梁智波","2021-08-12","梁智波","2021-11-03","1","","",""
"4690","极光PDF阅读器(#20)","/核心用例(#353)","","【图片右键菜单】上移一层","","1. 1 选中一张图片后，右键点击该图片
2 出现右键菜单后点击上移一层","1. 当前图片被上移一层","1.","","","功能测试","","正常","0","0","1","","梁智波","2021-08-12","梁智波","2021-11-03","1","","",""
"4689","极光PDF阅读器(#20)","/核心用例(#353)","","【图片右键菜单】删除","","1. 1 选中一张图片后，右键点击该图片
2 出现右键菜单后点击删除","1. 当前图片被删除","1.","","","功能测试","","正常","0","0","1","","梁智波","2021-08-12","梁智波","2021-11-03","1","","",""
"4688","极光PDF阅读器(#20)","/核心用例(#353)","","【图片右键菜单】粘贴","","1. 1 选中一张图片后，右键点击该图片
2 出现右键菜单后点击粘贴","1. 将当前剪切板内图片类粘贴当鼠标点击处","1.","","","功能测试","","正常","0","0","1","","梁智波","2021-08-12","梁智波","2021-11-03","1","","",""
"4687","极光PDF阅读器(#20)","/核心用例(#353)","","【图片右键菜单】剪切","","1. 1 选中一张图片后，右键点击该图片
2 出现右键菜单后点击剪切","1. 当前图片被剪切到剪切板内","1.","","","功能测试","","正常","0","0","1","","梁智波","2021-08-12","梁智波","2021-11-03","1","","",""
"4686","极光PDF阅读器(#20)","/核心用例(#353)","","【图片右键菜单】复制","","1. 1 选中一张图片后，右键点击该图片
2 出现右键菜单后点击复制","1. 当前图片被复制到剪切板内","1.","","","功能测试","","正常","0","0","1","","梁智波","2021-08-12","梁智波","2021-11-03","1","","",""
"4685","极光PDF阅读器(#20)","/核心用例(#353)","","【图片编辑模式】提取图片内文字","","1. 1 进入图片编辑模式后
2 点击提取图片内文字","1. 调起OCR识别窗口并将当前图片添加进去","1.","","","功能测试","","已实现自动化","0","0","1","","梁智波","2021-08-12","梁智波","2022-03-28","1","【图片编辑模式】提取图片内文字(#1200)","",""
"4684","极光PDF阅读器(#20)","/核心用例(#353)","","【图片编辑模式】提取图片","","1. 进入图片编辑模式后
2. 点击提取图片按钮
3. 输入任意有效路径后点击保存","1. 当前选中图片被保存到该路径下
2. 
3.","1. 
2. 
3.","","","功能测试","","已实现自动化","0","0","3","","梁智波","2021-08-12","梁智波","2022-03-28","2","【图片编辑模式】提取图片(#1199)","",""
"4683","极光PDF阅读器(#20)","/核心用例(#353)","","【图片编辑模式】替换图片","","1. 进入图片编辑模式后
2. 点击替换图片按钮
3. 输入有效图片文件路径后点击打开","1. 当前图片被替换成选中的图片
2. 
3.","1. 
2. 
3.","","","功能测试","","正常","0","0","3","","梁智波","2021-08-12","梁智波","2021-11-03","2","","",""
"4681","极光PDF阅读器(#20)","/核心用例(#353)","","【图片编辑模式】垂直翻转","","1. 1 进入图片编辑模式后
2 点击垂直翻转按钮","1. 图片被垂直翻转","1.","","","功能测试","","已实现自动化","0","0","1","","梁智波","2021-08-12","梁智波","2022-03-28","1","【图片编辑模式】垂直翻转(#1195)","",""
"4680","极光PDF阅读器(#20)","/核心用例(#353)","","【图片编辑模式】水平翻转","","1. 1 进入图片编辑模式后
2 点击水平翻转按钮","1. 图片被水平翻转","1.","","","功能测试","","已实现自动化","0","0","1","","梁智波","2021-08-12","梁智波","2022-03-28","1","【图片编辑模式】水平翻转(#1194)","",""
"4679","极光PDF阅读器(#20)","/核心用例(#353)","","【图片编辑模式】逆时针旋转90°","","1. 1 进入图片编辑模式后
2 点击逆时针旋转90°按钮","1. 图片被逆时针旋转90°","1.","","","功能测试","","已实现自动化","0","0","1","","梁智波","2021-08-12","梁智波","2022-03-28","1","【图片编辑模式】逆时针旋转90°(#1193)","",""
"4678","极光PDF阅读器(#20)","/核心用例(#353)","","【图片编辑模式】顺时针旋转90°","","1. 1 进入图片编辑模式后
2 点击顺时针旋转90°按钮","1. 图片被顺时针旋转90°","1.","","","功能测试","","已实现自动化","0","0","1","","梁智波","2021-08-12","梁智波","2022-03-28","1","【图片编辑模式】顺时针旋转90°(#1192)","",""
"4676","极光PDF阅读器(#20)","/核心用例(#353)","","【图片编辑模式】功能入口2","","1. 打开一个PDF文件后，进入编辑内容模式
2. 选中页面内任意一张图片","1. 进入图片编辑模式，右边弹窗更改为编辑图片菜单
2.","1. 
2.","","","功能测试","","已实现自动化","0","0","2","","梁智波","2021-08-12","郭滏腾","2022-07-27","2","","",""
"4675","极光PDF阅读器(#20)","/核心用例(#353)","","【图片编辑模式】功能入口1","","1. 打开一个PDF文件后，选中页面内一张图片
2. 点击悬浮菜单上的“编辑图片”","1. 进入图片编辑模式
2.","1. 
2.","","","功能测试","","正常","0","0","2","","梁智波","2021-08-12","梁智波","2021-11-03","2","","",""
"4674","极光PDF阅读器(#20)","/核心用例(#353)","","插入图片","","1. 打开一个PDF文件后，切换至编辑tab页下 
2. 点击添加图片按钮
3. 输入有效图片路径后点击打开","1. 图片被添加到当前页面内
* 支持格式(jpg\png\bmp\jpeg\tif\tiff)
* 不支持超过20M图片
2. 
3.","1. 
2. 
3.","","","功能测试","","已实现自动化","0","0","3","","梁智波","2021-08-12","王少勃","2022-10-21","3","","",""
"4673","极光PDF阅读器(#20)","/核心用例(#353)","","【水印编辑】删除水印(无水印文件)","","1. 1 点击打开无水印文档
2 点击下拉菜单下的删除水印按钮
3 弹出提示框提示用户当前文档无水印，或水印非标准格式","1. 本次删除操作无效","1.","","","功能测试","","已实现自动化","0","0","1","","梁智波","2021-08-05","王少勃","2022-09-28","2","【水印编辑】删除水印(无水印文件)(#654)","",""
"4672","极光PDF阅读器(#20)","/核心用例(#353)","","【水印编辑】删除水印(带水印文件)","","1. 1 点击打开带水印文档
2 点击下拉菜单下的删除水印按钮
3 弹出确认框提示用户是否删除
4 点击确认或取消","1. 1 点击取消则取消本次删除操作
2 点击确认则删除当前水印","1.","","","功能测试","","已实现自动化","0","0","1","","梁智波","2021-08-05","梁智波","2022-03-28","1","【水印编辑】删除水印(带水印文件)(#653)","",""
"4671","极光PDF阅读器(#20)","/核心用例(#353)","","【水印编辑】更新水印(无水印文件)","","1. 1 打开一个不带水印文档
2 点击下拉菜单下的更新水印按钮
3 提示用户当前文档内无水印更新，是否需要添加新的水印","1. 1 点击取消则关闭当前弹窗
2 点击添加水印则调起添加水印窗口","1.","","","功能测试","","已实现自动化","0","0","1","","梁智波","2021-08-05","郭滏腾","2022-07-27","1","","",""
"4670","极光PDF阅读器(#20)","/核心用例(#353)","","【水印编辑】更新水印(带水印文件)","","1. 1 打开一个带水印文档
2 点击下拉菜单下的更新水印按钮
3 打开更新水印界面后完成水印的添加，点击确定","1. 新的水印将旧的水印覆盖掉","1.","","","功能测试","","已实现自动化","0","0","1","","梁智波","2021-08-05","梁智波","2022-03-28","1","【水印编辑】更新水印(带水印文件)(#651)","",""
"4669","极光PDF阅读器(#20)","/核心用例(#353)","","【水印编辑】删除自定义水印","","1. 1 打开水印下拉菜单后，鼠标悬浮在自定义水印模板上
2 点击删除按钮","1. 当前自定义水印模板被删除","1.","","","功能测试","","已实现自动化","0","0","1","","梁智波","2021-08-05","梁智波","2022-03-28","1","【水印编辑】删除自定义水印(#650)","",""
"4668","极光PDF阅读器(#20)","/核心用例(#353)","","【水印编辑】修改自定义水印","","1. 1 鼠标悬浮在自定义水印模板上，点击&quot;铅笔&quot;图标
2 打开水印界面后，做出任意修改后点击确认按钮","1. 1 修改后水印被添加到文本上
2 打开下拉菜单，展示修改后的水印模板","1.","","","功能测试","","已实现自动化","0","0","1","","梁智波","2021-08-05","梁智波","2022-03-28","1","【水印编辑】修改自定义水印(#649)","",""
"4667","极光PDF阅读器(#20)","/核心用例(#353)","","【水印编辑】添加自定义水印","","1. 1 展开水印下拉菜单后，点击“点击添加“按钮
2 打开水印界面后勾选上“保存到自定义“，点击确认","1. 当此所添加的水印将被保存到自定义水印模板下","1.","限制20个","","功能测试","","已实现自动化","0","0","1","","梁智波","2021-08-05","郭滏腾","2022-07-27","2","","",""
"4666","极光PDF阅读器(#20)","/核心用例(#353)","","【水印编辑】推荐水印","","1. 点击打开水印下拉菜单","1. 阅读器自带6种推荐水印模板","1.","","","功能测试","","已实现自动化","0","0","1","","梁智波","2021-08-05","王少勃","2022-09-28","1","【水印编辑】推荐水印(#647)","",""
"4665","极光PDF阅读器(#20)","/核心用例(#353)","","【水印编辑】快速添加水印","","1. 展开水印下拉菜单后，选中任意水印模板点击添加水印按钮","1. 当前水印模板被添加到页面上","1.","","","功能测试","","已实现自动化","0","0","1","","梁智波","2021-08-05","王少勃","2022-09-28","2","【水印编辑】快速添加水印(#646)","",""
"4664","极光PDF阅读器(#20)","/核心用例(#353)","","【水印编辑】水印模板","","1. 切换到编辑页签下，点击水印下拉菜单","1. 展示当前所有的水印模板","1.","","","功能测试","","已实现自动化","0","0","1","","梁智波","2021-08-05","王少勃","2022-09-28","1","【水印编辑】水印模板(#645)","",""
"4663","极光PDF阅读器(#20)","/核心用例(#353)","","【水印编辑】点击预览图","","1. 点击预览图","1. 全屏展示当前预览图，按esc或点击关闭按钮退出","1.","","","功能测试","","已实现自动化","0","0","1","","梁智波","2021-08-05","王少勃","2022-09-28","1","【水印编辑】点击预览图(#644)","",""
"4662","极光PDF阅读器(#20)","/核心用例(#353)","","【水印编辑】预览界面","","1. 点击切换页面按钮","1. 1 预览图展示当前页面内容
2 点击切换界面按钮，切换到对应页面上","1.","","","功能测试","","已实现自动化","0","0","1","","梁智波","2021-08-05","王少勃","2022-09-28","1","【水印编辑】预览界面(#643)","",""
"4661","极光PDF阅读器(#20)","/核心用例(#353)","","【水印编辑】保存到自定义","","1. 勾选保存到自定义选项","1. 添加后的水印保存到自定义模板上","1.","","","功能测试","","已实现自动化","0","0","1","","梁智波","2021-08-05","王少勃","2022-09-28","1","【水印编辑】保存到自定义(#642)","",""
"4660","极光PDF阅读器(#20)","/核心用例(#353)","","【水印编辑】页面范围","","1. 1 勾选所有页面
2 勾选奇数页面
3 勾选偶数页面
4 自定义输入","1. 1 勾选所有页面则水印在预览界面处于所有页面上
2 勾选奇数页面则水印在预览界面处于奇数页面上
3 勾选偶数页面则水印在预览界面处于偶数页面上
4 自定义输入则根据规则在预览界面处于相对应的页面上","1.","四种方式互斥","","功能测试","","已实现自动化","0","0","1","","梁智波","2021-08-05","王少勃","2022-10-21","1","","",""
"4659","极光PDF阅读器(#20)","/核心用例(#353)","","【水印编辑】位于页面之上、页面之下","","1. 1 点击勾选位于页面之上
2 点击位于页面之下按钮","1. 1 勾选页面之上则水印位于页面最顶层
2 勾选页面之下则水印位于页面最底层","1.","两种方式互斥","","功能测试","","已实现自动化","0","0","1","","梁智波","2021-08-05","王少勃","2022-10-21","2","","",""
"4658","极光PDF阅读器(#20)","/核心用例(#353)","","【水印编辑】行间距、字间距","勾选平铺","1. 在下拉菜单内选择任意的数值","1. 根据数值变动，预览界面上水印展示有相应的调整","1.","","","功能测试","","已实现自动化","0","0","1","","梁智波","2021-08-05","王少勃","2022-10-21","1","","",""
"4657","极光PDF阅读器(#20)","/核心用例(#353)","","【水印编辑】垂直、水平横移","","1. 1 手动输入横移量
2 点击增减按钮","1. 根据调整的横移量，预览界面上水印会移动到对应的位置上","1.","","","功能测试","","已实现自动化","0","0","1","","梁智波","2021-08-05","王少勃","2022-10-21","1","","",""
"4656","极光PDF阅读器(#20)","/核心用例(#353)","","【水印编辑】相对页面比例","","1. 1 点击勾选相对页面比例框
2 勾选后，可在输入框内修改百分比值","1. 1 在预览界面上展示修改水印大小比例后的效果","1.","文本水印中与字号互斥2 (0%-1000%可输入范围)","","功能测试","","已实现自动化","0","0","1","","梁智波","2021-08-05","王少勃","2022-09-28","1","【水印编辑】相对页面比例(#637)","",""
"4655","极光PDF阅读器(#20)","/核心用例(#353)","","【水印编辑】旋转角度","","1. 1 点击旋转角度下拉框，选择需要的旋转角度(45°、0°、-45°)
2 在输入框内输入需要的旋转角度","1. 1 在预览界面上展示旋转后的水印效果
2 如果手动输入角度值则下拉框文案展示为自定义","1.","(-360°~360°可输入范围)","","功能测试","","已实现自动化","0","0","1","","梁智波","2021-08-05","王少勃","2022-09-28","1","【水印编辑】旋转角度(#635)","",""
"4654","极光PDF阅读器(#20)","/核心用例(#353)","","【水印编辑】排列方式","","1. 1 点击九宫格内任意位置
2 点击平铺","1. 1 点击九宫格则水印移动到文件界面对应的位置(上、下、左、右、左上、左下、右上、右下、中心)
2 点击平铺则水印铺满整个文件界面","1.","两种排列方式互斥","","功能测试","","已实现自动化","0","0","1","","梁智波","2021-08-05","王少勃","2022-10-21","1","","",""
"4653","极光PDF阅读器(#20)","/核心用例(#353)","","【水印编辑】加粗、倾斜、下划线(仅文本)","","1. 1 输入文本水印内容后
2 点击选定加粗、倾斜、下划线按钮","1. 1 选中加粗按钮则对当前水印文本进行加粗
2 选中倾斜按钮则将当前水印文本倾斜
3 选中下划线按钮则对当前水印文本添加下划线","1.","","","功能测试","","已实现自动化","0","0","1","","梁智波","2021-08-05","王少勃","2022-10-21","2","","",""
"4652","极光PDF阅读器(#20)","/核心用例(#353)","","【水印编辑】字体颜色(仅文本)","","1. 1 输入文本水印内容后
2 点击字号下拉菜单，选择需要的字体颜色属性","1. 在预览界面上，展示修改后字体颜色属性后的水印文本","1.","","","功能测试","","已实现自动化","0","0","1","","梁智波","2021-08-05","王少勃","2022-10-21","2","","",""
"4651","极光PDF阅读器(#20)","/核心用例(#353)","","【水印编辑】字号(仅文本)","","1. 1 输入文本水印内容后
2 点击字号下拉菜单，选择需要的字号属性","1. 在预览界面上，展示修改后字号属性后的水印文本","1.","","","功能测试","","已实现自动化","0","0","1","","梁智波","2021-08-05","王少勃","2022-10-21","2","","",""
"4650","极光PDF阅读器(#20)","/核心用例(#353)","","【水印编辑】字体属性(仅文本)","","1. 1 输入文本水印内容后 
2 点击字体下拉菜单，选择需要的字体属性","1. 在预览界面上，展示修改后字体属性后的水印文本","1.","支持当前系统内已有的字体","","功能测试","","已实现自动化","0","0","1","","梁智波","2021-08-05","王少勃","2022-10-21","2","","",""
"4649","极光PDF阅读器(#20)","/核心用例(#353)","","【水印编辑】添加图片水印","","1. 打开添加水印界面，切换到图片水印页签
2. 点击预览按钮选择系统内图片
3. 点击确定按钮","1. 图片水印被添加到页面上
2. 
3.","1. 
2. 
3.","支持jpg、png、bmp格式2 只能添加一个图片","","功能测试","","已实现自动化","0","0","3","","梁智波","2021-08-05","梁智波","2022-03-28","3","【水印编辑】添加图片水印(#629)","",""
"4648","极光PDF阅读器(#20)","/核心用例(#353)","","【水印编辑】添加文本水印","","1. 打开添加水印界面，在文本水印tab下
2. 在文本输入框内，输入文字水印内容
3. 点击确定按钮","1. 文本水印被添加到页面内
2. 
3.","1. 
2. 
3.","","","功能测试","","已实现自动化","0","0","3","","梁智波","2021-08-05","梁智波","2022-03-28","4","【水印编辑】添加文本水印(#628)","",""
"4647","极光PDF阅读器(#20)","/核心用例(#353)","","【水印编辑】功能入口逻辑校验","","1. 打开一个带水印文件
2. 从右键菜单或编辑页签下按钮打开添加水印界面","1. 告知用户当前文档已存在水印，是在原基础上添加新的水印还是替换已有的水印
2.","1. 
2.","","","功能测试","","已实现自动化","0","0","2","","梁智波","2021-08-05","郭滏腾","2022-07-27","2","","",""
"4646","极光PDF阅读器(#20)","/核心用例(#353)","","【水印编辑】功能入口2","","1. 打开PDF文件后，点击阅读模式下右键菜单中的添加水印","1. 打开添加水印界面","1.","","","功能测试","","已实现自动化","0","0","1","","梁智波","2021-08-05","王少勃","2022-10-21","1","","",""
"4645","极光PDF阅读器(#20)","/核心用例(#353)","","【水印编辑】功能入口1","","1. 打开PDF文件后，切换到编辑页签下点击添加水印按钮","1. 打开添加水印界面","1.","","","功能测试","","已实现自动化","0","0","1","","梁智波","2021-08-05","郭滏腾","2022-07-27","1","","",""
"4182","极光PDF阅读器(#20)","/核心用例(#353)","","【页面范围】全部页面","","1. 1 进入裁剪模式后
2 点击页面范围按钮
3 选中全部页面点击确定","1. 以当前页面裁剪框大小，应用到全部页面上","1.","","","功能测试","","正常","0","0","1","","梁智波","2021-11-18","王少勃","2022-10-21","1","","",""
"4181","极光PDF阅读器(#20)","/核心用例(#353)","","【页面范围】默认值","","1. 1 进入裁剪模式后","1. 默认裁剪当前阅读视图所在页面","1.","","","功能测试","","正常","0","0","1","","梁智波","2021-11-18","王少勃","2022-10-21","1","","",""
"4179","极光PDF阅读器(#20)","/核心用例(#353)","","【选区】智能选区","","1. 1 进入裁剪模式后
2 点击智能选区","1. 检测页面四周空白部分，形成裁剪框","1.","","","功能测试","","正常","0","0","1","","梁智波","2021-11-18","王少勃","2022-10-21","1","","",""
"4178","极光PDF阅读器(#20)","/(#0)","","【页面裁剪】裁剪页面","","1. 1 进入页面裁剪模式后
2 点击完成按钮","1. 当前页面被裁剪","1.","","","功能测试","","已实现自动化","0","0","1","","梁智波","2021-11-18","梁智波","2022-03-28","1","【页面裁剪】裁剪页面(#2869)","",""
"4176","极光PDF阅读器(#20)","/核心用例(#353)","","【插入文字】插入文字","","1. 进入编辑模式
2. 鼠标点击编辑tab下插入文字按钮
3. 鼠标点击到页面上任意空白处时生成一个新的文本编辑框，在该编辑框内输入文本并保存","1. 页面内插入新的文本
2. 
3.","1. 
2. 
3.","","3","功能测试","","已实现自动化","0","0","3","","梁智波","2021-11-09","王少勃","2022-10-21","1","","",""
"4170","极光PDF阅读器(#20)","/核心用例(#353)","","【文本框右键菜单】删除","","1. 1 进入编辑模式
2 鼠标点击文本框，让焦点位于文本框内
3 选中任意文本
4 右键点击出现右键菜单，点击删除","1. 选中文本被删除","1.","","","功能测试","","正常","0","0","1","","梁智波","2021-11-09","王少勃","2022-10-21","1","","",""
"4169","极光PDF阅读器(#20)","/核心用例(#353)","","【文本框右键菜单】粘贴","","1. 1 进入编辑模式
2 鼠标点击文本框，让焦点位于文本框内
3 若当前粘贴板内存在文本，右键点击出现右键菜单，点击粘贴","1. 粘贴板内文本被粘贴到当前鼠标所在位置","1.","","","功能测试","","正常","0","0","1","","梁智波","2021-11-09","王少勃","2022-10-21","1","","",""
"4168","极光PDF阅读器(#20)","/核心用例(#353)","","【文本框右键菜单】剪切","","1. 1 进入编辑模式
2 鼠标点击文本框，让焦点位于文本框内
3 选中任意文本
4 右键点击出现右键菜单，点击剪切","1. 选中文本被剪切到粘贴板内","1.","","","功能测试","","正常","0","0","1","","梁智波","2021-11-09","王少勃","2022-10-21","1","","",""
"4167","极光PDF阅读器(#20)","/核心用例(#353)","","【文本框右键菜单】复制","","1. 1 进入编辑模式
2 鼠标点击文本框，让焦点位于文本框内
3 选中任意文本
4 右键点击出现右键菜单，点击复制","1. 选中文本被复制到粘贴板内","1.","","","功能测试","","正常","0","0","1","","梁智波","2021-11-09","王少勃","2022-10-21","1","","",""
